#n,x,y
0,0.000000e+00,0.000000e+00
1,5.048224e+00,-4.712869e+00
2,5.048224e+00,-4.712869e+00
3,5.597868e+00,-8.490104e+00
4,4.302150e+00,2.190041e+00
5,1.472370e+00,1.802583e+00
6,2.030486e-02,7.169292e-02
7,1.809037e+00,-2.698307e+00
8,1.753474e+00,-1.223423e+00
9,2.082442e-01,1.851139e-01
10,1.965617e-01,1.067320e-01
11,7.240364e-01,7.159642e-01
12,1.179297e+00,2.349130e+00
13,3.391935e-02,2.675532e-01
14,4.627726e-01,1.416909e+00
15,6.922216e-01,3.475763e+00
16,3.656189e+00,5.178569e+00
17,3.598630e-01,-4.301266e+00
18,2.867433e+00,-4.149010e+00
19,3.721246e+00,2.975419e+00
20,4.495063e-02,6.463862e-04
21,1.160383e+00,1.468887e+00
22,7.594557e+00,-2.516666e+00
23,7.289547e-01,-1.735731e+00
24,3.808228e-02,1.649783e-01
25,1.472665e+00,-2.294829e+00
0,0.000000e+00,0.000000e+00
1,3.662813e+00,-3.165575e+00
2,3.662813e+00,-3.165575e+00
3,1.687331e+00,3.601541e+00
4,6.609513e+00,-4.185169e+00
5,1.678176e+00,1.462533e+00
6,1.942006e-01,-3.440501e-01
7,9.875269e-01,2.458153e-01
8,3.890801e-01,-4.000514e-01
9,1.056500e-01,-1.100607e-01
10,1.380238e+00,-1.806090e+00
11,3.248025e+00,5.636873e-01
12,9.484095e-01,-5.475023e-01
13,3.248941e+00,-2.972890e+00
14,3.605327e-01,-5.884492e-01
15,8.010918e-01,-2.394488e+00
16,3.318663e+00,-4.315084e+00
17,3.470981e-01,-1.943676e-01
18,5.474034e+00,-1.855203e+00
19,2.337722e+00,-1.018949e+00
20,1.780123e+00,-4.832336e-01
21,4.355709e-01,1.629100e-01
22,5.171465e-01,9.746483e-01
23,4.408604e+00,-4.299859e+00
24,9.064011e-01,-4.509749e+00
25,1.402508e-01,-2.756644e-01
26,5.274077e-01,-6.325655e-01
27,1.602297e+00,-1.342567e+00
28,2.021554e+00,-1.339806e+00
29,2.751086e+00,-2.654143e+00
30,5.456900e+00,6.248437e+00
31,1.390368e-02,-2.604013e-03
32,4.205367e+00,-3.178949e+00
33,1.223975e+00,-2.423317e+00
34,4.489121e+00,-6.200891e+00
35,2.683370e-01,3.042304e-01
36,6.892236e+00,-7.555645e+00
0,0.000000e+00,0.000000e+00
1,3.303390e+00,1.817221e+00
2,3.303390e+00,1.817221e+00
3,1.742659e+00,5.544972e-01
4,3.903280e-02,-6.108602e-02
5,8.256500e-02,1.922677e-01
6,2.179788e+00,-5.126643e+00
7,5.381716e-01,3.102199e-01
8,2.479003e+00,-3.415871e+00
9,4.081175e+00,3.247973e-01
10,1.584157e-02,4.538118e-02
11,1.111038e+00,1.922495e+00
12,2.037134e-01,-7.186875e-01
13,1.803688e+00,1.975005e+00
14,5.828991e+00,1.052896e+01
15,3.029592e+00,3.353416e+00
16,4.014475e-02,-1.569396e-01
17,2.264221e-01,-6.549579e-01
18,4.537018e+00,3.573415e+00
19,3.400602e-01,7.411352e-01
20,1.124788e+00,4.016688e-01
21,4.168732e-01,-1.331522e-01
22,8.326428e-02,6.971258e-02
23,3.671939e-01,-7.520521e-01
24,1.198157e+00,1.515385e+00
25,2.874730e+00,-4.986404e+00
26,1.777402e+00,-2.020710e+00
27,1.839678e+00,-1.319435e+00
28,2.208503e-02,-6.123544e-02
29,1.182586e+00,3.267890e+00
30,8.494669e-01,-1.457827e+00
31,9.175823e+00,-7.499387e+00
32,6.990061e-01,1.219646e-01
33,8.858977e-01,2.247535e+00
0,0.000000e+00,0.000000e+00
1,2.667284e-01,1.320563e+00
2,2.667284e-01,1.320563e+00
3,7.699657e-02,1.459498e-01
4,1.195407e+00,1.991977e+00
5,1.967142e+00,5.125668e-01
6,1.203828e+00,1.316320e+00
7,3.589618e+00,-2.834934e+00
8,2.363378e+00,-1.233264e+00
9,8.345486e-01,-1.136504e+00
10,1.408825e-01,-8.010048e-01
11,2.975772e-02,1.730897e-02
12,9.472643e-01,-1.041644e+00
13,3.019599e+00,-3.948693e+00
14,1.740825e+00,6.883486e-01
15,1.578393e+00,5.458626e+00
16,3.576881e-01,1.452135e+00
17,7.194730e+00,-2.402460e+00
18,1.343478e+00,9.089589e-01
19,8.225227e-01,3.857348e-01
20,5.477955e-01,-1.693756e+00
21,2.267737e+00,1.350484e+00
22,4.034398e-02,1.043281e-02
23,1.436969e+00,-1.542435e+00
24,1.321899e+00,-1.169108e+00
25,1.335075e-01,1.682315e-01
26,1.765966e-01,-2.770550e-01
27,9.838576e-02,4.327067e-01
28,3.402858e+00,-6.535472e-01
29,1.718554e+00,1.397164e+00
30,5.439924e+00,-5.746025e+00
31,9.299426e-01,5.342452e-01
32,4.556065e-01,-2.427569e-01
33,5.009719e-01,1.390286e+00
34,3.715942e+00,-2.247690e+00
35,2.557517e+00,-1.697906e+00
36,2.134235e+00,5.585003e-01
37,4.325182e+00,4.996315e+00
0,0.000000e+00,0.000000e+00
1,1.805103e+00,-2.773976e+00
2,1.805103e+00,-2.773976e+00
3,1.638234e-01,-5.623560e-02
4,6.240116e+00,-1.096611e+01
5,2.282471e+00,-1.433247e+00
6,6.151012e-02,-6.183337e-02
7,1.099706e+00,7.171023e-01
8,1.811426e+00,4.121343e+00
9,8.688292e-01,-1.749716e+00
10,4.832418e-01,6.540610e-01
11,7.130886e+00,4.620532e+00
12,2.896715e+00,-6.041112e+00
13,4.275032e-01,-3.002187e-01
14,3.027047e+00,6.232634e-01
15,4.015428e-01,9.714633e-01
16,8.393410e-02,6.786865e-01
17,9.461827e-02,-6.400314e-02
18,1.025902e+00,7.458781e-01
19,1.609118e-01,6.176005e-02
20,1.062154e+00,-7.104456e-01
21,4.586524e+00,-1.827208e+00
22,2.421358e+00,2.239937e+00
23,8.871774e-01,-1.132096e+00
24,2.969634e+00,-5.528162e-01
25,7.814975e-01,-3.394580e+00
26,1.046517e-01,2.054959e-01
27,6.594580e-01,5.703330e-01
28,1.454657e+00,-1.151859e+00
29,2.652561e-01,2.274627e-01
30,7.932194e-01,-2.981804e-01
31,4.734967e-01,-7.301246e-01
32,7.409154e+00,-2.657006e+00
33,3.316717e+00,-2.839182e+00
34,3.751925e-01,-3.156236e-01
35,9.098387e-01,3.210338e+00
36,9.831379e-01,3.026665e+00
37,9.413196e-02,-1.908922e-01
38,1.128124e+00,1.954105e+00
39,5.423314e-01,-6.938992e-01
0,0.000000e+00,0.000000e+00
1,2.073828e+00,-8.964538e-01
2,2.073828e+00,-8.964538e-01
3,1.191676e+00,-1.286071e+00
4,1.555594e+00,-1.572416e+00
5,5.651962e+00,-5.924875e+00
6,2.931142e-01,2.596449e+00
7,1.285539e-01,-3.257766e-01
8,6.695318e-01,6.084691e-01
9,6.476521e-01,-7.226734e-01
10,6.849313e-01,-3.677222e-01
11,1.999073e-01,-1.658611e-01
12,6.910580e-01,-3.828718e-01
13,1.325465e+00,1.388769e+00
14,4.182080e-01,9.353302e-01
15,1.066053e+00,2.932021e+00
16,2.248690e+00,-3.348253e+00
17,3.585866e+00,8.383832e-01
18,7.086683e-01,-2.902379e+00
19,1.724524e-01,-2.435026e-01
20,1.334579e+00,4.186636e-01
21,5.317444e+00,-3.303040e+00
22,5.439523e-02,1.782060e-02
23,2.146292e-01,-1.180219e+00
24,6.988504e-01,8.935696e-01
25,2.739490e-01,6.323101e-01
26,1.868177e-01,-1.243767e+00
27,2.061347e+00,1.432806e+00
28,3.198986e+00,-6.567214e-01
29,4.117306e-01,-5.982880e-01
30,4.804175e+00,2.303636e+00
0,0.000000e+00,0.000000e+00
1,8.615131e-01,-1.357762e+00
2,8.615131e-01,-1.357762e+00
3,1.510639e-01,4.007146e-01
4,1.218128e+00,-6.396241e-01
5,9.050400e-02,1.511886e-01
6,4.271693e-01,5.575959e-01
7,9.507272e-01,7.889500e-01
8,3.970567e+00,-1.668301e+00
9,3.125535e-01,1.195220e+00
10,2.235387e+00,-2.092019e+00
11,3.748194e+00,-8.143128e-01
12,2.152205e-01,1.022284e+00
13,1.232659e-01,1.351418e+00
14,1.611919e-01,-1.659110e-01
15,3.848253e-01,5.210911e-01
16,1.697031e+00,-1.686401e+00
17,3.324236e-01,-2.681781e-01
18,5.901492e-01,-8.177363e-01
19,1.029225e+01,2.746461e+00
20,3.061114e-01,6.060505e-01
21,2.506659e-01,-1.962949e-01
22,2.479847e+00,3.065648e+00
23,9.776947e-01,-4.693462e-01
24,1.120271e+00,-6.346705e-01
25,1.229765e+00,-2.181019e+00
26,1.152095e+00,-1.150189e+00
27,2.673837e-01,9.346377e-02
28,9.239703e-01,3.257847e+00
29,2.223594e+00,-3.092442e+00
0,0.000000e+00,0.000000e+00
1,8.680328e-01,9.870917e-01
2,8.680328e-01,9.870917e-01
3,1.951646e+00,-6.105394e+00
4,9.605506e-01,1.827412e+00
5,3.777792e+00,1.328881e+01
6,3.756956e+00,6.696451e+00
7,3.099975e+00,1.521395e+00
8,1.677896e+00,-1.485504e+00
9,5.338696e+00,5.404393e+00
10,1.036627e+01,3.716515e+00
11,7.100406e-01,-1.396039e+00
12,1.782965e-01,-5.278774e-01
13,3.634108e-01,1.111774e+00
14,2.737596e+00,1.185396e+00
15,2.323240e+00,1.364775e-01
16,9.449508e-02,8.551870e-02
17,3.045423e+00,-1.483003e+00
18,6.693488e+00,-4.070411e+00
19,4.051740e-01,8.617637e-01
20,6.202936e+00,2.970984e+00
21,1.482628e+00,1.121254e+00
22,5.267263e+00,2.075693e+00
23,6.175194e-01,2.574663e+00
24,1.197503e+00,-9.623723e-01
25,1.673665e+00,9.420934e-01
26,2.097593e-01,7.234881e-02
27,2.529567e-01,3.608223e-01
28,9.861663e-01,3.424666e+00
29,7.217770e-01,8.001864e-01
30,5.193319e+00,2.494895e+00
31,1.301850e+00,6.652705e-01
32,2.021093e+00,-5.588357e+00
33,2.469481e+00,1.463231e+00
34,9.795791e-02,-6.255364e-02
35,2.259532e+00,1.954630e+00
36,1.093216e+00,3.931450e-01
37,8.896899e-01,-8.304823e-01
38,2.893796e+00,1.120827e+00
39,1.422048e+00,1.670171e+00
40,2.009517e+00,9.935814e-01
41,1.864504e+00,9.141425e-01
42,3.161785e-01,-2.774683e-01
43,5.080820e+00,-1.131024e+00
0,0.000000e+00,0.000000e+00
1,2.682752e+00,-1.254090e+00
2,2.682752e+00,-1.254090e+00
3,1.060747e+00,3.871277e+00
4,2.952209e-01,-4.574231e-01
5,4.958321e-01,-4.404043e+00
6,2.731733e-01,4.387148e-01
7,1.028827e+00,4.364461e+00
8,8.218165e-01,-1.333413e+00
9,3.063794e+00,7.965018e+00
10,2.339803e-01,-6.000471e-01
11,6.625660e-01,-1.945263e-01
12,4.691808e-01,7.875431e-01
13,5.073835e+00,4.002216e+00
14,6.602973e+00,2.618322e+00
15,5.411658e-01,-1.751046e-01
16,3.244638e-01,-8.175273e-01
17,5.316457e+00,3.059831e+00
18,7.459106e-01,8.889801e-01
19,2.577042e+00,-2.737590e+00
20,4.032126e-01,3.603306e-01
21,2.913260e-01,4.402119e-01
22,9.803799e-01,1.012090e+00
23,9.359610e-01,-1.399193e+00
24,3.074258e-02,-5.063422e-02
25,9.998725e-01,-3.407948e-01
26,5.582885e-01,-3.359971e-01
27,4.368629e-01,-2.481800e+00
28,5.794292e-01,-1.512006e+00
29,2.010324e-01,-1.939982e+00
30,8.619879e-01,-1.842197e-01
31,2.748018e+00,-2.855411e+00
32,1.669555e+00,-1.289884e+00
33,1.394869e-01,-1.919464e-01
0,0.000000e+00,0.000000e+00
1,2.352499e-01,-4.438585e-01
2,2.352499e-01,-4.438585e-01
3,1.106760e+00,5.599214e+00
4,1.876437e+00,-8.569120e-01
5,9.463359e-03,-8.549591e-03
6,6.260722e-01,-3.161610e-01
7,4.332903e-01,-4.196842e-01
8,1.736424e+00,-2.213287e-01
9,4.336412e-01,1.220792e-01
10,5.163879e+00,2.373496e+00
11,3.813000e+00,-9.328044e+00
12,1.298306e+00,3.145918e+00
13,1.283623e+00,-9.746133e-01
14,1.831781e+00,-3.398388e+00
15,1.254794e+00,-1.295470e+00
16,4.019115e+00,-1.655089e+00
17,2.804614e-01,-3.985219e-01
18,3.271250e-01,6.066406e-02
19,4.728543e+00,2.996287e+00
20,4.132739e+00,-6.377754e+00
21,1.915613e-01,8.800122e-01
22,1.613488e-01,1.353378e-01
23,1.079061e-01,-2.019927e-01
24,1.478065e-01,-9.043336e-02
25,1.347697e+00,1.307869e+00
26,5.430342e-01,-3.745471e+00
27,9.263075e-01,-1.211855e-01
28,4.628812e-01,8.292610e-01
29,8.567024e+00,-1.040427e+01
30,3.525113e+00,2.999300e+00
31,5.454403e-01,-5.373600e-01
32,6.419705e-01,2.404728e+00
33,1.625252e+00,1.549797e+00
34,3.214857e+00,1.879724e+00
35,1.359148e+00,1.949235e+00
36,2.221616e-01,-1.560063e+00
37,1.156224e+00,6.026946e-01
38,1.796651e+00,3.408075e-01
39,1.251651e-01,-4.292915e-01
40,9.361504e-01,-4.894472e-01
41,6.056541e-01,-5.920963e-01
42,2.814385e+00,-3.145554e+00
43,3.943769e-03,6.725311e-02
44,6.863958e+00,1.337469e+01
45,1.743623e+00,1.469846e+00
46,8.999868e-01,1.255776e+00
0,0.000000e+00,0.000000e+00
1,1.257642e-01,1.972827e-01
2,1.257642e-01,1.972827e-01
3,2.215726e+00,-2.106831e+00
4,1.290299e+00,-1.329776e+00
5,3.835056e+00,-2.930145e+00
6,5.164918e+00,1.330276e+01
7,4.942483e-01,2.369761e+00
8,3.417852e+00,5.763887e-01
9,1.471248e+00,2.180673e+00
10,1.506914e+00,-3.181965e+00
11,1.313099e+00,2.818845e+00
12,2.809321e-01,2.817296e-01
13,4.420033e+00,-2.827451e+00
14,1.615651e+00,-1.594704e+00
15,4.827810e-01,7.463136e-01
16,7.130157e-01,-2.150065e-01
17,8.318937e+00,-4.420382e+00
18,2.500229e-01,-8.295481e-01
19,5.811882e-01,-3.667467e-01
20,1.057989e+00,4.092742e+00
21,1.368145e+00,-4.777828e-01
22,6.030784e+00,-4.578694e+00
23,1.688082e+00,1.340919e+00
24,1.996251e-01,-2.818603e-01
25,2.299523e+00,1.990021e+00
26,1.551173e+00,-4.601599e+00
27,4.763619e+00,2.492722e+00
28,4.351475e+00,-1.395928e+00
29,8.246047e-01,5.866917e-01
30,8.154966e-01,5.600246e-01
31,1.015136e+00,-1.983753e+00
32,3.907423e-01,-3.249420e-01
33,3.797851e-01,-8.329558e-01
34,6.114445e-01,6.356882e-01
35,1.429748e+00,1.226448e+00
36,3.540489e-01,3.560105e-01
37,2.912716e+00,5.462204e-01
38,3.928964e+00,-3.085965e+00
0,0.000000e+00,0.000000e+00
1,6.097228e-01,-3.975490e+00
2,6.097228e-01,-3.975490e+00
3,1.279295e+00,8.704741e-01
4,6.442538e-03,-2.379330e-03
5,9.580040e-01,7.583922e-01
6,6.644282e-01,3.755994e-01
7,1.631133e+00,-4.412502e+00
8,2.908072e+00,-9.813101e-01
9,4.428061e-02,2.006898e-01
10,3.722456e-01,-3.822043e-01
11,3.197516e-01,-4.840631e-01
12,4.166440e-01,3.678023e-01
13,1.189139e+00,-4.714567e+00
14,1.057834e+00,1.452438e+00
15,3.039914e+00,1.528198e+00
16,2.172105e+00,1.833863e+00
17,9.226394e-01,-4.409502e-01
18,5.102552e-01,1.968665e-01
19,3.472780e-01,2.925471e-01
20,2.774715e+00,2.069905e+00
21,1.177252e+00,-2.154409e+00
22,1.573562e+00,1.061757e+00
23,1.237566e-01,1.295981e-01
24,8.000131e-01,-7.838051e-01
25,3.867015e+00,-1.351481e+00
26,1.894449e+00,-5.771166e-01
27,1.808236e+00,-4.205068e+00
28,1.837492e-01,-8.081749e-02
29,1.824788e+00,-8.576057e-01
30,1.588594e-01,-1.316850e-01
31,1.488406e-01,2.064466e+00
32,2.205465e+00,-1.412867e+00
33,1.792452e-01,3.453327e-01
34,2.703802e+00,-2.390808e+00
35,1.232074e+00,-1.024264e+00
36,9.348412e-02,1.641537e-01
37,5.487690e-01,-2.787449e+00
38,4.677673e+00,-2.123070e+00
0,0.000000e+00,0.000000e+00
1,1.320988e+00,-2.732315e+00
2,1.320988e+00,-2.732315e+00
3,2.212770e+00,2.676980e+00
4,5.017731e+00,3.940423e+00
5,1.197428e+00,1.327668e+00
6,6.049874e-01,-1.135485e+00
7,1.019344e+00,5.541471e-01
8,2.829993e+00,1.270810e+00
9,1.459452e+00,1.880631e+00
10,7.015275e+00,6.258257e+00
11,1.821700e+00,-4.036567e+00
12,2.938399e+00,-3.851312e+00
13,5.595283e+00,3.793917e+00
14,6.325716e-01,4.438583e+00
15,3.778643e+00,1.139943e+00
16,3.953963e+00,4.061453e+00
17,7.356258e-01,4.736468e-01
18,2.039627e-01,6.678887e-02
19,4.917043e-01,-1.638686e+00
20,2.043298e+00,8.455954e-01
21,8.149638e-01,1.089206e+00
22,4.726697e-01,6.693330e-01
23,1.289087e+00,-2.806924e+00
24,4.397203e-01,-4.482705e-01
25,4.012439e-02,1.018181e-01
26,2.525973e+00,2.068994e+00
27,1.239471e+00,1.053925e+00
28,4.160128e+00,-4.071791e+00
29,9.136593e-01,2.155258e-01
30,3.784417e-01,-9.719023e-01
31,5.559901e-01,-3.508701e-01
32,2.040561e-01,5.303991e-02
33,7.616389e-02,8.577217e-02
34,3.002028e-01,-2.706957e-01
0,0.000000e+00,0.000000e+00
1,6.601912e+00,6.104744e+00
2,6.601912e+00,6.104744e+00
3,6.973640e-01,3.294576e-01
4,1.876625e-01,-2.178710e+00
5,3.268245e+00,4.347101e+00
6,1.179981e+00,1.045602e+00
7,4.705843e+00,-3.442499e+00
8,1.518758e+00,6.510287e+00
9,5.608571e-01,3.903699e-01
10,2.557995e-01,3.667018e-01
11,4.732739e+00,2.139846e+00
12,3.268995e-02,2.383301e-02
13,1.040298e-01,-1.060255e-01
14,6.905017e-02,8.695634e-02
15,1.548398e+00,-1.585914e+00
16,5.622612e-01,5.004608e-01
17,1.312878e-01,8.081638e-02
18,4.218346e+00,9.688567e-01
19,1.989184e+00,-7.604352e-01
20,1.405276e+00,-4.364816e-01
21,6.517904e-01,2.904796e-01
22,1.084282e-01,9.584681e-02
23,4.838313e+00,-6.202258e+00
24,2.054533e+00,5.216843e+00
25,1.966363e+00,-1.507101e+00
26,1.413339e-01,2.613497e-01
27,2.173200e+00,-1.462733e+00
28,4.557777e+00,8.277903e-01
29,2.988404e-01,2.605119e-01
30,2.542243e+00,3.220944e+00
31,1.681023e+00,-1.859170e+00
32,1.437979e+00,7.182748e-01
33,2.411483e+00,2.517366e+00
34,3.239086e-01,-3.474641e-01
35,6.399849e-01,-8.761811e-01
36,3.822354e-01,3.176755e-01
37,1.192216e+00,2.298074e+00
38,3.854934e+00,4.491208e+00
39,5.159845e-02,9.279663e-02
40,1.408299e+00,4.072338e-01
41,1.855843e+00,3.153751e+00
42,5.699272e-01,-2.422636e-01
43,4.389608e+00,-6.150063e+00
44,1.610756e+00,2.036272e+00
45,5.444119e-01,2.967995e-01
46,2.253980e-01,9.615545e-02
47,1.682723e+00,1.352680e+00
48,2.167606e+00,-2.501583e+00
49,1.710778e+00,6.638728e+00
50,9.332468e-01,2.195549e-01
51,9.624686e-01,2.983991e-01
52,2.133383e-02,-3.754026e-02
53,1.762236e+00,1.207479e+00
54,6.426749e-01,-4.841256e-01
55,6.879847e-01,-3.371288e-01
56,7.513116e-01,-1.113542e+00
57,2.910786e+00,1.701999e+00
58,1.666974e+00,-1.324402e+00
59,4.715777e-02,-8.110195e-01
60,3.865200e-01,3.907956e-01
61,1.493007e+00,-7.377863e-01
62,2.023247e+00,-1.162657e+00
63,2.393208e-01,-1.209539e+00
0,0.000000e+00,0.000000e+00
1,1.445574e-01,-1.444416e+00
2,1.445574e-01,-1.444416e+00
3,3.291288e+00,2.765994e+00
4,2.582059e-01,3.645263e+00
5,1.322912e+00,-4.117388e-01
6,6.779576e-01,1.620414e+00
7,2.879777e-01,2.093337e-01
8,4.502842e-01,4.617111e-01
9,1.891276e+00,1.632642e+00
10,1.302608e+00,-6.285222e-01
11,7.949041e-02,2.596731e-01
12,1.476053e+00,-8.095060e+00
13,1.215291e-01,4.162683e-02
14,5.047632e+00,-7.620833e+00
15,1.179570e+00,2.720231e+00
16,1.435239e+00,-6.087405e-01
17,1.020707e+00,8.925338e-01
18,2.467355e-01,-1.315097e-02
19,8.846293e-01,1.160070e+00
20,6.242341e-01,7.680702e-01
21,1.610056e+00,2.327348e+00
22,3.672024e-01,-9.255728e-01
23,3.046879e+00,-1.329403e+00
0,0.000000e+00,0.000000e+00
1,9.665461e-02,-2.727140e-01
2,9.665461e-02,-2.727140e-01
3,2.956146e+00,1.717751e+00
4,1.357325e-01,3.431618e-01
5,2.754338e+00,5.381104e+00
6,2.025481e+00,1.247146e+00
7,9.147482e-01,6.546958e-01
8,5.462875e-02,9.468995e-02
9,4.797509e-01,-9.568896e-01
10,3.024205e+00,8.881259e-01
11,5.619846e+00,3.158280e+00
12,7.079276e+00,4.232813e+00
13,2.253884e+00,-9.471609e-01
14,4.557746e-01,4.251477e-01
15,5.605535e-01,-1.340318e+00
16,4.164699e+00,3.137679e+00
17,3.527358e+00,1.636011e+00
18,2.742520e+00,6.436996e+00
19,3.490039e-01,-3.995276e-01
20,1.305682e-01,2.328056e-01
21,2.633842e+00,-4.155734e+00
22,6.536782e+00,3.506234e+00
23,7.381290e+00,1.007141e+01
24,4.960244e-01,-5.906079e-01
25,3.046915e-01,-8.427797e-01
26,7.361349e+00,6.829461e+00
27,6.187293e-01,1.368936e+00
28,2.824132e-01,1.336524e-01
0,0.000000e+00,0.000000e+00
1,1.818420e+00,4.504868e-01
2,1.818420e+00,4.504868e-01
3,5.021531e+00,-9.542340e+00
4,1.162275e-01,3.013497e-01
5,6.665929e-01,-1.884058e+00
6,1.621154e+00,-1.482123e+00
7,1.904841e-02,1.087298e-02
8,2.948376e+00,2.509961e+00
9,6.916176e-01,-8.798457e-01
10,2.230781e-01,-8.935225e-01
11,1.000808e+00,1.432437e+00
12,7.409352e+00,-3.345688e+00
13,6.969365e-01,4.485646e-01
14,2.233734e+00,-1.034899e+00
15,1.928555e+00,-3.862787e+00
16,8.717585e+00,-7.137164e+00
17,2.279635e-02,5.258342e-03
18,1.260768e+00,2.156198e+00
19,2.625024e+00,1.274477e+00
20,2.382510e+00,-8.735391e-01
21,2.609474e+00,-1.249607e+00
22,4.584000e-01,1.114733e+00
23,1.154563e+00,6.305025e-01
24,1.659194e+00,1.402989e+00
25,3.717527e-01,-1.404665e-01
26,2.126751e+00,-1.181955e+00
27,4.758932e-01,6.335624e-01
28,3.208348e-01,-4.299052e-01
29,8.786080e+00,-4.092352e+00
30,1.136546e-01,1.736969e-01
31,1.343419e+00,6.259277e-01
32,2.473895e+00,-8.446847e+00
33,4.410207e-01,4.945509e-01
34,1.709609e+00,-2.596436e+00
35,5.037285e+00,-4.560387e+00
36,2.388947e+00,1.237937e+00
37,2.238910e+00,-2.700868e+00
38,3.567907e+00,-1.131832e+00
39,8.269373e-01,1.202675e+00
40,1.185614e-01,1.692820e+00
41,4.058590e+00,-3.669433e+00
42,2.121544e+00,-3.832328e+00
43,4.570821e-01,-5.278683e-01
0,0.000000e+00,0.000000e+00
1,6.220233e-01,-7.566393e-01
2,6.220233e-01,-7.566393e-01
3,1.942600e-01,-8.579156e-01
4,1.306836e+00,1.504693e+00
5,2.808294e+00,3.701493e+00
6,2.874929e+00,3.730865e+00
7,3.419981e+00,4.011787e+00
8,6.821174e-01,-6.639893e-01
9,1.737056e+00,-2.786523e+00
10,5.628456e+00,-2.498673e+00
11,6.660037e-01,3.335108e-01
12,7.165725e+00,-5.901362e+00
13,7.520969e-01,-1.889847e+00
14,2.765271e-01,1.857080e-01
15,3.350387e-01,-2.598278e-01
16,7.520455e-02,9.593784e-01
17,8.844847e-01,-8.583124e-01
18,2.905619e+00,1.146136e+00
19,2.720685e-01,-2.577197e-01
20,7.174891e+00,3.557740e+00
21,1.913497e-01,2.294849e-01
22,7.428674e-01,5.438808e-01
23,6.336272e-01,9.263488e-01
24,9.473002e-01,-2.658909e+00
25,7.937401e-02,-1.609967e-01
26,1.046291e-01,-1.000536e-01
27,1.122683e+00,9.239506e-01
28,1.513657e+00,2.649048e+00
29,1.306793e+00,-3.813788e+00
30,4.352983e+00,3.917651e+00
0,0.000000e+00,0.000000e+00
1,1.255012e+00,6.139948e-01
2,1.255012e+00,6.139948e-01
3,1.544469e-01,-6.625499e-02
4,3.122988e+00,-5.244158e+00
5,5.062811e-01,1.304849e+00
6,3.482854e-01,4.352370e-01
7,1.475047e+00,-1.361842e+00
8,1.952011e+00,-3.129808e+00
9,2.362340e+00,1.192084e+00
10,2.132955e+00,-1.276005e+00
11,1.168088e-01,-9.217175e-01
12,1.197222e+01,4.864571e+00
13,2.217881e+00,3.065324e+00
14,7.243890e-01,-2.603761e+00
15,4.954445e-01,1.359290e+00
16,5.589733e-02,9.894052e-02
17,9.799769e-01,-7.716101e-01
18,2.168185e+00,-1.745639e+00
19,1.037132e+00,-9.700746e-01
20,6.193501e-01,2.453537e-01
21,9.142196e-01,-1.253617e+00
22,3.074360e+00,2.376054e+00
23,2.676157e+00,2.707386e+00
24,1.937721e+00,-6.653897e-01
25,1.016299e+01,-1.271230e+01
0,0.000000e+00,0.000000e+00
1,1.780891e+00,1.713441e+00
2,1.780891e+00,1.713441e+00
3,2.081954e-01,-2.791120e-01
4,4.898090e-01,-6.157912e-01
5,1.296489e+00,-1.670731e+00
6,4.938549e+00,3.827390e+00
7,1.547405e+00,2.707462e+00
8,2.303592e+00,-1.170233e+00
9,1.437593e+00,-4.964288e-01
10,1.517586e+00,-2.448102e+00
11,9.178173e-02,-6.712670e-02
12,1.491949e+00,2.497845e+00
13,2.581085e+00,4.155516e-01
14,2.621840e+00,2.697681e+00
15,7.367537e-01,7.242422e-01
16,1.525021e+00,-7.554325e+00
17,2.154722e+00,2.568404e+00
18,9.950101e-01,3.546243e+00
19,1.052131e+00,-1.799003e+00
20,1.674015e+00,1.465183e+00
21,5.394190e-01,2.175602e+00
22,1.410888e+00,4.764538e-01
23,1.011553e+00,-1.258377e+00
24,5.553905e-01,2.914965e-01
25,1.565158e+00,-1.644598e+00
26,2.217260e-01,1.001365e+00
27,2.971183e+00,-4.658331e+00
28,1.190497e-01,4.051499e-01
29,3.305993e-01,-5.117982e-01
30,9.435440e-01,-2.126489e+00
31,1.205103e+00,-9.264088e-01
32,1.357980e+00,-4.109022e-01
33,8.292556e-02,-3.206105e-01
34,5.213327e-04,3.323421e-04
35,5.664323e-01,-9.847646e-01
36,9.022922e-01,1.768759e+00
37,7.775774e+00,-4.023316e+00
38,1.207845e+00,-3.560362e+00
39,1.601085e+00,1.309810e+00
40,6.494818e+00,-2.706049e+00
41,4.706255e+00,8.118983e+00
42,2.537890e-01,-1.017367e+00
43,4.796486e+00,-3.398750e+00
0,0.000000e+00,0.000000e+00
1,3.246920e-01,1.220567e+00
2,3.246920e-01,1.220567e+00
3,2.801005e+00,-4.056631e+00
4,5.362383e+00,-9.907231e+00
5,4.463607e-01,5.724143e-01
6,1.106653e-01,8.793084e-02
7,4.217951e+00,-9.758781e+00
8,5.353870e-01,9.925455e-01
9,7.214832e-02,-1.484890e-02
10,1.005781e-01,6.305499e-02
11,5.916125e-02,-7.544524e-01
12,5.382082e-01,2.601174e-01
13,1.356143e+00,3.582451e+00
14,3.650137e+00,-2.737247e+00
15,1.095251e+00,-1.729731e+00
16,3.981975e-02,-1.291320e-01
17,1.421805e+00,8.761571e-01
18,6.897667e-01,9.719262e-01
19,2.358428e+00,-1.203193e+00
20,2.111563e-02,-7.705019e-03
21,2.837663e+00,-5.156116e+00
22,5.661640e-01,-1.864946e-01
23,6.685103e-02,-3.597590e-01
24,6.411483e+00,1.074172e+01
25,9.281804e-01,2.159281e-01
26,1.581920e+00,-1.054295e+00
27,2.225543e-01,3.761085e-01
28,6.973864e-01,8.457158e-02
29,4.026340e+00,1.288164e+01
30,1.159513e+00,1.338770e+00
31,8.102117e-01,-1.601581e+00
32,8.392986e-01,9.926488e-01
33,3.225707e+00,-3.751115e-01
34,1.490376e-01,7.512289e-02
35,1.201832e+00,1.270426e+00
36,2.733044e-01,-6.830361e-01
37,1.576571e+00,2.774449e+00
38,2.719420e+00,2.577453e+00
0,0.000000e+00,0.000000e+00
1,1.764520e+00,1.292236e+00
2,1.764520e+00,1.292236e+00
3,9.692814e+00,6.218674e+00
4,1.246359e+00,1.920916e+00
5,6.015656e+00,-5.039530e+00
6,9.584846e-01,8.022209e-01
7,7.955476e-01,-2.018372e+00
8,3.458507e+00,-3.915651e-01
9,1.581112e+00,7.690892e-01
10,6.747534e-01,-5.958591e-01
11,1.256818e-01,7.195097e-02
12,8.739637e-01,-5.507047e-01
13,5.225178e-01,4.096725e-01
14,5.410841e-01,-1.060964e+00
15,4.469519e-01,-7.314740e-01
16,1.326103e+00,-5.525189e+00
17,1.682190e+00,3.538320e+00
18,1.762222e+00,1.003604e+00
19,1.022132e+00,-7.601042e-01
20,2.553229e+00,-4.005895e-01
21,2.035682e+00,-2.257423e+00
22,1.458219e+00,-2.118018e+00
23,5.076406e+00,-2.481444e+00
24,2.813265e+00,-2.542530e+00
25,3.392239e+00,7.842427e-01
26,1.473498e-02,1.945230e-02
27,3.392576e+00,1.872900e+00
28,1.303766e+00,3.612464e-01
29,8.136620e-01,2.168479e-01
30,7.584266e-01,-7.513985e-01
31,1.602262e+00,5.443794e-01
32,1.291927e+00,1.247701e+00
33,1.031604e+00,2.474951e-01
34,2.985861e+00,6.837664e+00
35,9.666400e-02,-2.266324e-01
36,2.554983e+00,1.600450e+00
37,1.154922e+00,-2.782531e+00
38,1.108775e+00,-1.065824e+00
39,7.093773e+00,-7.729893e+00
40,2.103504e+00,1.105411e+01
41,4.862045e+00,3.125518e+00
42,4.628411e-01,-2.964044e-02
43,2.261072e-02,3.485011e-02
44,1.879035e+00,-1.995718e+00
45,1.492257e+00,3.140865e+00
46,2.531255e+00,3.612587e+00
0,0.000000e+00,0.000000e+00
1,2.165231e+00,-4.299890e+00
2,2.165231e+00,-4.299890e+00
3,7.848201e-01,-5.447592e-01
4,3.558405e+00,-4.377386e+00
5,2.713453e+00,5.552758e+00
6,2.627981e+00,4.419742e+00
7,7.906107e-01,1.504317e+00
8,5.649928e+00,-1.953152e+00
9,5.903880e+00,-3.760185e+00
10,7.289988e-01,-5.892432e-01
11,1.451020e+00,-2.552385e+00
12,2.375550e+00,-2.380173e+00
13,1.113287e-03,-6.611839e-04
14,1.689434e+01,-8.911703e+00
15,6.926898e-01,8.154961e-01
16,3.010374e+00,6.947229e-01
17,1.867686e-01,-1.925449e-01
18,9.427174e+00,5.668262e+00
19,1.091236e+00,-4.735584e-01
20,1.350678e+00,4.657575e+00
21,3.777199e+00,-7.857150e-01
22,1.619018e+00,-2.766007e+00
23,2.117982e+00,-1.549297e+00
24,5.259597e+00,5.805633e+00
25,5.765253e-03,9.494010e-03
26,4.199829e+00,-1.044977e+01
27,8.498513e-01,1.217324e+00
28,2.824140e+00,1.727955e+00
29,6.886791e-01,1.356724e-01
30,9.988345e-01,-6.667755e-01
31,2.767424e+00,-3.744662e+00
32,2.606575e-01,-1.087015e+00
0,0.000000e+00,0.000000e+00
1,3.899341e+00,5.813904e+00
2,3.899341e+00,5.813904e+00
3,3.592490e+00,-3.718249e+00
4,1.609698e-01,-4.483055e-01
5,6.299607e+00,-3.594002e+00
6,4.220100e+00,1.336474e+00
7,4.294009e-01,-1.098711e+00
8,2.257181e+00,1.065323e+00
9,3.267522e+00,-3.310747e+00
10,5.598787e-01,-3.465279e-01
11,2.658511e-01,7.174481e-01
12,1.375052e+00,9.298498e-01
13,3.850242e+00,1.567893e+00
14,1.502294e+00,-1.757231e+00
15,1.833326e+00,-1.159812e+00
16,1.220699e-01,1.077716e-01
17,2.129196e+00,-9.476973e-01
18,1.916282e-01,-6.291659e-01
19,2.684123e+00,7.062647e-01
20,1.612764e+00,1.192232e+00
21,4.754206e-01,1.835978e+00
22,1.037554e+00,4.118630e+00
23,2.056476e+00,3.856315e+00
24,5.407928e-02,-1.061129e-01
25,6.744051e-01,-1.090428e+00
26,3.520800e-01,-5.725575e-01
27,1.968893e+00,-4.387787e+00
28,6.008540e+00,2.653544e+00
29,7.602028e-01,1.115988e+00
30,1.860919e+00,2.210234e+00
31,1.416809e+00,1.899399e+00
32,4.455086e-01,-1.670579e-01
33,7.326705e-01,-1.566489e-01
34,2.832750e+00,2.485586e+00
35,2.238933e+00,-7.123063e+00
36,7.613102e-01,-1.715342e+00
37,3.930626e+00,-4.301290e+00
38,1.136231e+01,-8.601668e+00
39,8.144269e-01,-8.736795e-01
40,1.855661e-01,3.905707e-01
41,4.570405e+00,6.036698e+00
42,1.744263e-01,-5.472898e-01
0,0.000000e+00,0.000000e+00
1,4.369066e-01,-1.150275e-01
2,4.369066e-01,-1.150275e-01
3,1.981970e+00,-1.662447e+00
4,4.834384e+00,1.563367e+00
5,1.119267e+00,1.587718e+00
6,6.438233e+00,-2.178127e+00
7,8.560591e-01,-8.113375e-01
8,2.053005e+00,2.274264e+00
9,3.938939e-01,-6.155626e-01
10,7.470870e+00,9.203278e+00
11,1.937559e+00,-1.388989e+00
12,8.329250e-01,2.302304e-01
13,1.659216e+00,-7.862186e+00
14,2.141323e-01,-1.867958e-01
15,3.400996e+00,4.173482e+00
16,1.853494e-01,-1.082006e+00
17,5.200386e+00,-4.974160e+00
18,3.514656e-01,-3.519970e-01
19,5.875937e+00,-2.132813e+01
20,1.832039e-01,4.871660e-01
21,2.262701e-01,2.110460e-01
22,5.955448e-02,4.594217e-02
23,4.516333e+00,-2.254022e+00
24,1.253791e-02,1.294409e-02
25,2.795714e-01,-2.198906e-01
26,2.541660e+00,2.034550e+00
27,9.174300e-01,-1.359602e+00
28,1.089657e+00,-2.881925e+00
29,2.435298e+00,-5.283600e-01
30,1.451926e+00,-1.033908e+00
31,1.688291e-01,1.407440e-01
32,1.733084e+00,6.937201e-01
33,1.424322e+00,-3.618588e+00
34,4.191963e-01,1.860528e-01
35,3.125936e-03,-1.175601e-03
36,3.834107e+00,-1.800803e+01
37,2.233416e+00,-7.520871e-01
38,6.407542e+00,8.127559e+00
39,1.777195e+00,1.246378e+00
40,5.603396e+00,3.145736e+00
41,3.634186e+00,-9.250160e+00
42,8.804921e-01,9.122581e-01
0,0.000000e+00,0.000000e+00
1,2.405337e-01,-1.660110e+00
2,2.405337e-01,-1.660110e+00
3,9.395886e+00,-4.886297e+00
4,2.085119e+00,-2.683063e+00
5,9.772547e+00,4.137909e+00
6,1.994921e+00,4.120532e+00
7,1.466568e-01,1.577819e-02
8,2.892552e+00,5.859676e+00
9,5.575972e-02,-1.951276e-03
10,1.225975e+00,9.387594e-01
11,1.004532e+00,2.775060e-01
12,2.421559e+00,7.634332e+00
13,6.939485e-01,-1.319501e+00
14,4.082990e+00,1.993129e+00
15,3.252148e-01,-9.605288e-01
16,1.338273e-01,3.537372e-01
17,2.448518e-01,2.521288e-01
18,1.462963e+00,-1.283876e+00
19,1.218535e+01,-4.118030e+00
20,5.623192e-01,-1.072484e-01
21,9.837509e-02,-1.668398e-01
22,9.378319e+00,-3.662523e+00
23,7.823447e-01,1.257020e+00
24,7.385756e-01,-4.038554e-01
25,3.491579e-02,3.836234e-02
26,2.917638e-01,-4.696684e-01
27,4.129667e+00,1.866404e+00
28,4.435401e-01,-1.245718e+00
29,4.507656e+00,1.174117e+00
30,1.734677e+00,-2.322007e+00
31,3.249979e-01,4.257374e+00
32,6.759159e+00,6.619253e+00
33,1.032578e+00,-1.827816e+00
34,2.315823e-01,-3.488193e-01
35,6.402548e+00,-3.149320e+00
36,6.181317e+00,1.352078e+00
37,3.502015e+00,-3.693477e+00
38,1.188266e-02,7.939030e-02
39,4.969828e-02,-4.837168e-02
40,3.171695e-01,-1.068211e+00
0,0.000000e+00,0.000000e+00
1,1.075101e+00,9.929654e-01
2,1.075101e+00,9.929654e-01
3,1.628917e+00,1.303261e+00
4,4.334388e-01,-4.569482e-01
5,1.464678e+00,3.670201e-01
6,2.508712e+00,-3.904803e+00
7,1.391901e+00,-6.018321e+00
8,6.491645e+00,1.704322e+00
9,5.710258e-01,2.482041e+00
10,5.009338e+00,-6.968578e+00
11,9.004180e-01,4.214908e-01
12,1.672992e+00,1.389106e+00
13,1.302904e+00,-2.072342e+00
14,2.719158e-02,5.629595e-03
15,3.585848e+00,-1.706284e+00
16,1.435271e+00,-1.526039e+00
17,4.424318e-02,3.049434e-02
18,1.504284e+00,-1.086031e+00
19,7.431125e-02,-8.277674e-02
20,5.405728e-01,-1.824675e-01
21,7.648274e+00,-1.233162e+00
22,3.875612e-01,-4.932246e-01
23,3.629827e+00,-4.470185e+00
24,1.998797e+00,8.291955e-01
25,7.531526e-01,-5.821610e-01
26,9.591217e-02,-7.892104e-02
27,5.377846e+00,1.148729e+00
28,3.749614e+00,1.899994e+00
29,9.243242e-01,-2.070947e+00
30,1.076249e+00,-3.031431e-01
31,8.211274e-01,8.462061e-01
32,3.976957e+00,-6.126805e+00
33,8.534458e-01,3.043194e+00
34,6.212805e+00,-1.600585e+00
35,7.055021e-01,-7.065707e-01
36,1.794663e+00,2.007449e+00
37,1.507513e+00,1.296380e+00
38,4.269711e+00,-5.055123e+00
39,4.921564e+00,4.050843e+00
0,0.000000e+00,0.000000e+00
1,1.806425e+00,1.239918e+01
2,1.806425e+00,1.239918e+01
3,1.126866e+00,5.096306e+00
4,2.079650e+00,5.983573e+00
5,2.518380e+00,1.070260e+00
6,2.015504e+00,8.624198e+00
7,4.202337e+00,-2.149984e+00
8,3.942921e-01,8.609081e-01
9,4.762385e-01,-8.062411e-01
10,1.077093e+00,1.314477e+00
11,3.089254e+00,2.343119e+00
12,1.008011e+00,-9.388049e-01
13,1.413018e+00,-1.517840e+00
14,1.450781e+00,5.416225e+00
15,4.190775e-01,-7.946611e-02
16,2.513119e+00,2.691586e+00
17,8.120182e-01,2.048265e+00
18,3.078852e-01,-3.043385e-01
19,3.682661e-01,-2.317450e+00
20,9.671008e-01,-4.159061e-01
21,2.580146e+00,-2.035119e+00
22,7.839136e+00,-1.311250e+00
23,2.460160e+00,3.608025e+00
24,8.116931e-01,-1.302405e+00
25,6.495204e-01,-3.969286e-01
26,4.155548e+00,2.192459e+00
27,7.601670e-02,1.464681e-01
28,1.246956e+00,6.728116e-01
29,3.628569e-01,6.266562e-01
30,3.211107e+00,3.316407e+00
31,2.966146e-01,-1.351580e-01
32,1.530343e+00,-9.159793e-01
33,1.080866e+00,-8.764524e-01
34,1.819323e+00,2.158061e+00
35,1.819490e-01,-2.590446e-01
36,3.412042e-01,1.323975e-01
37,1.772164e+00,3.182554e+00
38,1.949245e-02,-4.056825e-02
39,1.617174e+00,9.467017e-01
40,2.055414e+00,-4.135676e+00
41,7.764890e-01,2.070236e+00
42,1.154017e-01,7.263665e-02
43,4.568464e+00,1.165884e+00
44,3.926064e-01,-1.321137e-01
45,6.923628e-01,-1.312841e+00
46,1.866820e+00,9.960804e-01
47,2.273398e+00,2.349770e+00
0,0.000000e+00,0.000000e+00
1,1.182087e-01,8.297891e-02
2,1.182087e-01,8.297891e-02
3,8.157891e-01,-5.767564e+00
4,3.421017e-01,-3.370880e-01
5,1.388786e+01,8.567020e+00
6,3.634397e-01,-2.050358e-01
7,1.726412e+00,-3.471279e+00
8,4.560341e-01,-6.926188e-01
9,1.529777e+00,-8.032384e-01
10,1.170796e-01,-3.488590e-01
11,3.612309e-02,-3.539611e-02
12,1.805701e-02,2.843589e-02
13,1.267583e+00,9.061577e-01
14,1.191536e+00,-1.728581e+00
15,3.959916e-01,1.327225e+00
16,5.950697e-01,-6.236562e-01
17,1.503776e+00,-1.680677e+00
18,3.580220e-01,-2.712540e-01
19,1.321272e+01,8.474479e+00
20,1.494385e-01,1.770286e-01
21,6.047619e-01,2.234310e-01
22,5.443651e+00,-2.725938e+00
23,1.681054e+00,3.074746e+00
24,1.200385e+00,-2.545395e+00
25,3.183447e-02,4.044483e-02
26,2.530836e+00,8.499073e-01
27,4.904937e+00,-4.939935e+00
28,1.812502e+00,-1.296139e+00
29,1.256451e+00,-9.697197e-01
30,3.125120e+00,2.865995e+00
31,1.925313e+00,2.122880e+00
32,3.826282e+00,4.027607e+00
33,2.814099e-02,-7.330142e-02
34,2.172702e+00,-3.560755e+00
35,4.562543e-02,-6.024964e-02
36,1.694042e+00,-7.171136e-01
37,1.382966e+00,-3.176210e+00
38,6.532859e-01,3.498301e-01
39,7.457894e-01,-3.945621e-01
40,1.374612e+00,1.673353e+00
41,3.706012e+00,-3.327090e+00
42,2.255107e-01,-1.393977e+00
43,6.107796e-01,7.030346e-01
44,3.021407e-01,-7.375121e-02
45,1.160433e-01,-1.794304e-01
46,2.737051e+00,1.093909e+00
47,1.423038e+00,-2.550952e+00
48,2.765178e+00,4.393302e+00
49,7.171248e-02,-1.908880e-03
50,1.195091e+00,3.454838e-01
0,0.000000e+00,0.000000e+00
1,6.841185e-02,8.663726e-02
2,6.841185e-02,8.663726e-02
3,1.915113e+00,-2.441429e+00
4,2.050313e+00,-2.125340e+00
5,1.153993e+00,-1.293926e+00
6,1.405160e+00,8.944145e-01
7,2.148894e+00,2.484321e+00
8,3.483065e+00,1.200846e+00
9,2.227377e+00,-3.043388e+00
10,1.484913e+00,-2.511973e+00
11,9.740016e-01,4.406499e-01
12,1.419193e+00,-2.714411e+00
13,1.488574e+00,8.774420e-01
14,1.867899e-01,-1.370927e-01
15,1.716689e+00,-7.833084e+00
16,1.117472e+00,-1.681350e-01
17,5.717516e+00,4.136179e+00
18,3.021284e+00,-1.259740e+00
19,2.545476e+00,-2.539272e+00
20,1.130175e+00,4.484789e+00
21,1.731852e+00,7.699509e-01
22,6.849032e-02,-2.894217e-01
23,9.038297e-01,1.080986e+00
24,4.762355e+00,-7.332705e+00
25,3.856678e+00,-1.242641e+00
26,2.517224e-01,2.030547e-01
27,6.323851e-01,-1.010520e+00
28,4.390049e-01,5.554258e-01
29,3.141831e+00,-2.141833e+00
30,6.890944e+00,-6.234697e+00
31,4.803367e+00,3.995478e+00
32,1.424487e+00,-1.222922e+00
33,1.557631e+00,6.744204e-01
34,5.583058e-01,-1.424356e+00
35,6.624088e-01,-1.853101e+00
36,6.435255e-01,-5.539584e-01
37,2.927141e+00,-4.499640e+00
38,7.783501e-01,-5.232155e-01
39,7.730276e-01,5.054421e-01
40,9.549669e-02,-1.768307e-01
41,4.607186e+00,-2.889115e+00
42,3.667787e+00,2.535290e+00
43,4.463506e-02,4.947842e-02
44,6.714699e-01,1.980553e-01
45,2.290399e-01,2.654752e-01
0,0.000000e+00,0.000000e+00
1,1.815173e+00,1.599716e+00
2,1.815173e+00,1.599716e+00
3,4.663418e+00,2.072686e+00
4,6.390391e+00,-2.769923e+00
5,1.012087e+00,1.225627e+00
6,1.961796e+00,1.646056e+00
7,6.457976e+00,4.588604e+00
8,1.577244e+00,1.212616e+00
9,2.012846e-01,-1.897628e-01
10,3.803742e+00,-1.151032e+00
11,3.151390e+00,-8.619956e+00
12,5.981846e-01,-1.874888e+00
13,6.868903e+00,-8.560164e+00
14,7.459011e-01,-5.863690e-01
15,1.626440e+00,7.226801e-01
16,7.077196e-01,-4.377922e-01
17,1.171324e-02,3.574506e-02
18,8.102691e-01,-1.264817e+00
19,1.535315e-01,3.094868e-02
20,3.383397e+00,-3.813777e+00
21,1.915579e-01,-2.015186e-01
22,2.153452e+00,1.253811e+00
23,3.327544e+00,5.830774e-01
24,7.927066e+00,-3.285373e+00
25,3.291876e+00,-3.227666e+00
26,4.719695e-01,7.216861e-01
27,5.694426e-01,1.992955e+00
28,9.002932e-01,4.227930e-01
29,1.527547e-01,2.124967e-01
30,1.497094e+00,-1.382505e+00
31,4.043319e-01,5.421884e-01
32,6.542307e-01,4.020871e-01
33,2.556246e+00,2.880165e+00
34,6.932657e+00,2.885786e+00
35,2.678419e+00,1.235578e+00
36,8.895041e-01,-1.901065e+00
37,1.875671e+00,-4.288914e-01
38,4.932880e-01,-1.602542e+00
39,3.604779e+00,-3.163561e-01
40,2.677708e+00,-3.625913e+00
41,4.361943e+00,-1.096998e+00
42,8.765862e-02,-1.574605e-01
43,7.648844e-02,-3.225390e-02
44,6.614503e+00,-1.419093e+00
45,1.556787e-01,2.860401e-02
46,1.046418e+00,1.194805e+00
47,6.747393e+00,5.512522e+00
48,6.737618e+00,-1.216464e+00
49,3.353799e-01,-1.073816e+00
50,2.807080e+00,1.340373e+00
51,1.712384e+00,-1.437177e+00
52,2.961878e+00,1.781345e+00
53,3.211823e+00,-3.952512e+00
54,2.586763e+00,4.581690e+00
55,8.538842e-01,-1.032891e+00
56,1.804869e+00,1.799994e+00
57,2.603502e+00,-1.219479e+00
58,9.407162e+00,1.134265e+01
59,2.460844e-01,-3.052759e-01
0,0.000000e+00,0.000000e+00
1,3.992834e+00,3.359144e+00
2,3.992834e+00,3.359144e+00
3,3.130727e-01,1.960020e-01
4,6.878014e-01,-4.411391e-01
5,5.938986e+00,1.949709e+00
6,5.773695e-01,1.503258e+00
7,4.182903e-01,-1.336977e+01
8,4.348977e+00,1.992118e+00
9,1.161903e+00,-6.118381e-01
10,4.589927e-02,6.847403e-02
11,9.434061e-01,7.207108e-01
12,2.808000e+00,-1.009817e+01
13,3.424156e-01,-4.198906e-02
14,7.705056e-01,-1.025667e+00
15,6.114888e-01,6.797385e-01
16,1.802398e-01,2.613810e-01
17,2.461191e+00,2.870210e+00
18,1.567433e-01,-1.742392e-01
19,2.398551e-01,6.110673e-01
20,2.616064e+00,1.777159e+00
21,6.085274e-02,-4.318817e-02
22,1.329913e+00,2.661799e+00
23,4.654582e-02,-3.068497e-02
24,2.141560e+00,3.166330e+00
25,5.017233e-01,2.992294e-01
26,8.036006e-01,1.291105e+00
27,1.928837e+00,-4.675242e+00
28,1.040435e+00,6.975225e-01
29,1.058107e-01,4.620661e-02
30,8.186152e-01,-6.545282e-01
31,3.516369e+00,3.459131e+00
32,9.738163e-01,-7.706806e-01
33,2.517323e-01,-1.108592e+00
0,0.000000e+00,0.000000e+00
1,2.918731e-01,3.900166e-01
2,2.918731e-01,3.900166e-01
3,5.238563e-02,-3.114561e-02
4,3.081411e+00,-9.743690e-01
5,9.743972e-01,6.033321e-01
6,1.847489e+00,-3.079934e+00
7,1.962851e+00,-1.714276e+00
8,2.641467e+00,-1.173096e+00
9,5.587278e-01,2.494605e-01
10,5.926356e-01,5.778020e-01
11,3.398758e+00,1.583223e+00
12,1.963736e-01,2.495946e-01
13,2.953580e-01,1.279730e-01
14,4.090020e-01,-3.330597e-01
15,1.698679e+00,-1.168551e+00
16,1.695287e+00,1.164581e+00
17,1.457454e+00,-4.783366e-01
18,1.043762e+00,-9.184600e-01
19,2.774633e+00,3.386671e+00
20,3.032747e+00,-1.307397e+00
21,1.245879e+00,-3.407988e+00
22,1.165021e+00,-7.522536e-01
23,2.709946e+00,-5.412862e+00
24,3.158652e-01,5.009757e-01
25,3.461631e+00,-5.054852e+00
26,9.119205e-01,2.133666e+00
27,7.033477e-02,1.367795e-01
28,7.273199e-02,-2.308701e-02
29,6.397456e-01,-5.739680e-01
30,4.552752e-01,-1.113517e+00
31,1.302276e+00,2.048082e+00
32,5.320291e+00,-4.417997e+00
33,4.927559e+00,-3.108005e+00
34,4.174788e+00,3.187117e+00
35,8.364792e-01,-9.316151e-01
36,2.271364e+00,1.572414e-01
37,4.139476e-01,-9.472230e-01
38,1.221532e-01,-6.865263e-02
39,2.529738e+00,-1.547674e-01
40,4.512243e-01,4.630092e-01
41,1.151946e+00,6.792749e-01
42,2.755396e+00,3.711417e+00
43,4.413094e-01,7.363102e-01
44,5.638805e+00,-3.351355e+00
45,1.285877e+00,9.140075e-01
46,5.327487e-02,1.923942e-01
47,5.653829e-01,-3.518807e-01
48,4.731413e-01,5.002601e-01
49,3.111154e+00,-3.452784e+00
50,7.966033e-01,-1.106960e-01
51,2.859396e+00,-8.956591e-01
52,5.177525e+00,-7.923177e+00
53,7.442810e-03,2.018643e-03
54,8.639769e-01,7.025376e-01
55,1.540988e+00,-3.444358e-01
56,1.068897e+00,-3.934409e-01
57,9.655150e-01,1.125666e+00
0,0.000000e+00,0.000000e+00
1,7.117869e-01,-1.661182e+00
2,7.117869e-01,-1.661182e+00
3,2.350821e+00,5.862415e+00
4,1.068126e-02,2.546860e-02
5,4.358839e-01,-4.599857e-01
6,5.680904e-01,7.813809e-01
7,1.321085e-01,-8.191036e-01
8,6.838781e-01,6.304583e-01
9,6.348650e+00,-3.509588e+00
10,7.677277e+00,3.707595e+00
11,1.103582e+00,-1.549444e+00
12,1.376767e+00,2.815423e+00
13,7.447819e-01,-1.792349e+00
14,5.351789e+00,-2.297272e+00
15,3.803119e+00,5.148747e+00
16,1.036071e+00,8.347804e-01
17,1.290286e+00,1.000658e+00
18,4.057060e+00,3.874082e+00
19,2.156395e+00,2.275236e+00
20,2.594206e+00,2.315257e+00
21,2.425172e-01,3.710663e-01
22,7.352232e-01,1.807803e+00
23,1.499975e-01,1.600718e-01
24,3.726165e-01,3.450168e-01
25,6.459055e-02,-6.354529e-02
26,4.202644e+00,-4.911424e+00
27,1.878903e+00,-3.673155e+00
28,3.783443e-01,1.299918e+00
29,2.301493e-01,-7.244580e-01
30,2.647232e-01,-1.978181e-01
31,5.460881e-01,3.833701e-01
32,4.813467e-01,3.324828e-01
0,0.000000e+00,0.000000e+00
1,3.940844e-01,1.137282e+00
2,3.940844e-01,1.137282e+00
3,2.218197e-01,3.846488e-01
4,1.035667e-01,1.291277e-01
5,3.122783e+00,-4.548066e+00
6,4.802387e-01,-9.673412e-01
7,2.748578e+00,-2.716223e-01
8,7.038365e-02,-2.063531e-01
9,1.243701e+00,1.544743e+00
10,2.467284e+00,-2.632750e+00
11,6.532129e-01,-1.870535e+00
12,3.562800e-01,-1.346467e+00
13,3.100120e+00,2.715202e+00
14,3.782828e-02,1.476286e-01
15,1.864066e+00,-1.868631e+00
16,1.452372e+00,-2.535339e+00
17,4.519872e+00,5.096533e+00
18,1.479434e+01,-5.274984e+00
19,5.454075e-01,9.414935e-01
20,3.511021e-01,-2.970722e-01
21,7.276539e-01,-1.093467e+00
22,5.603684e-01,3.589936e-01
23,2.594994e-01,-1.019215e+00
24,5.297050e-01,-3.040217e-01
25,9.895796e-02,2.047823e-01
0,0.000000e+00,0.000000e+00
1,2.089946e+00,-1.820874e+00
2,2.089946e+00,-1.820874e+00
3,5.701347e-01,-7.859716e-01
4,4.940771e+00,-2.033373e+00
5,4.004576e+00,-2.516480e+00
6,2.501919e-01,-1.981489e+00
7,3.352459e-01,-7.596088e-01
8,2.285667e+00,9.452580e-01
9,1.381109e+00,-6.001208e-01
10,1.579218e+00,2.445725e+00
11,1.001421e+00,-9.475475e-01
12,5.151639e+00,8.806300e+00
13,1.607253e-01,-4.172922e-01
14,1.216865e+00,-1.657881e+00
15,2.641191e+00,-8.119628e+00
16,2.823134e+00,-8.079496e+00
17,9.560847e-02,5.611144e-02
18,1.536284e+00,-4.998527e-01
19,1.562213e+00,-2.134493e+00
20,2.226647e+00,-2.103169e+00
21,9.090549e-01,-1.948623e+00
22,3.775182e+00,2.480084e+00
23,5.829388e+00,-3.001723e+00
24,2.790013e+00,-9.345161e-01
25,1.508674e+00,-1.251892e+00
26,6.536526e+00,-5.346625e+00
27,1.891563e+00,-3.744307e-01
28,8.502364e+00,4.431400e+00
29,4.002626e-01,4.133835e-01
30,3.855006e-01,-4.707694e-01
31,4.647504e-01,6.427969e-01
32,2.507135e+00,-2.074106e-01
33,1.521840e+00,3.635296e+00
34,5.982282e+00,-1.710708e+00
35,1.924280e+00,1.101048e+00
36,3.431604e+00,-4.427074e+00
37,4.157445e+00,4.353403e+00
38,4.396899e+00,4.100931e+00
39,3.232840e+00,1.922643e+00
40,2.626136e-01,7.813476e-01
41,1.483354e+00,-1.282646e+00
42,3.251428e-01,3.903980e-01
43,1.063360e+00,-2.613596e-01
44,2.207369e+00,3.481400e+00
45,1.753752e+00,-3.439692e+00
46,5.200789e+00,-9.320671e+00
47,9.856375e+00,-3.749967e+00
48,9.431275e-01,5.510084e-01
49,3.346026e+00,-3.894619e+00
50,5.439508e+00,-1.608081e+00
51,7.864951e-01,1.639145e-01
52,3.281554e-01,1.049086e-01
0,0.000000e+00,0.000000e+00
1,4.725384e-01,4.978958e-01
2,4.725384e-01,4.978958e-01
3,1.502289e+00,-1.504090e+00
4,2.050462e+00,-2.324818e+00
5,2.937932e-01,-9.279264e-01
6,1.653906e+00,8.762424e-01
7,9.338854e+00,7.227906e+00
8,3.334048e-01,-3.327183e-01
9,3.022089e+00,-4.063118e+00
10,1.291081e+00,2.870466e+00
11,1.439873e+00,2.784912e-01
12,6.995238e-01,1.123010e+00
13,3.369588e+00,-9.549812e-01
14,1.073860e+00,3.422191e+00
15,4.147264e+00,-5.094004e+00
16,4.476494e-01,1.556056e+00
17,3.740512e+00,2.819671e+00
18,5.365705e-01,7.840647e-01
19,1.410649e+00,-2.109309e+00
20,3.397749e+00,-1.656245e+00
21,1.181416e+00,1.467615e+00
22,5.324983e+00,5.064928e+00
23,4.195660e-01,-8.334522e-01
24,1.798851e+00,-4.158974e+00
25,2.716132e+00,-3.053074e+00
26,1.345679e+00,2.156785e+00
27,1.957195e+00,1.157687e+00
28,4.008779e+00,4.206472e+00
29,8.181427e-01,4.652506e-01
30,1.356983e+00,1.849938e+00
31,1.770630e+00,-1.970443e+00
32,1.145427e+00,3.765384e-01
33,3.261416e+00,3.160192e+00
0,0.000000e+00,0.000000e+00
1,2.581782e+00,2.274457e+00
2,2.581782e+00,2.274457e+00
3,1.063136e+00,7.842369e-01
4,2.856856e-01,-2.462228e-01
5,9.557899e+00,-2.400502e+00
6,9.470970e-01,-2.799529e+00
7,1.853128e+00,1.595393e+00
8,1.021983e+00,-1.489821e+00
9,3.921719e+00,5.445897e+00
10,1.702402e+00,-7.649139e-01
11,1.863929e+00,-5.506698e-01
12,3.409805e+00,-1.722387e+00
13,7.588105e+00,-3.287432e+00
14,4.744560e+00,-6.294479e+00
15,2.998034e-01,-1.539759e-01
16,1.163278e-01,-7.510096e-02
17,1.401582e+00,-1.075984e+00
18,1.765751e+00,-1.373052e+00
19,1.197228e+00,9.437209e-01
20,3.883819e-01,5.171634e-01
21,5.961291e-01,2.590470e-01
22,4.768243e-01,5.458820e-01
23,4.241900e-01,4.362392e-01
24,1.509949e+00,7.215275e-01
25,1.631891e+00,-7.109220e-01
26,1.118457e+00,6.502385e-01
27,1.299608e+01,-9.830553e+00
28,1.840069e+00,1.214412e+00
29,6.217202e-01,-3.253861e-01
30,6.924253e-01,2.302440e+00
31,8.898745e-01,-8.327253e-01
32,1.809746e+00,-1.206206e+00
33,3.474983e+00,-7.155623e+00
34,4.077971e-01,3.760691e-01
35,8.332502e-01,3.788383e+00
36,4.164711e-01,4.488041e+00
37,3.920587e+00,2.451869e+00
38,1.555680e+00,5.098205e-01
39,3.509844e+00,-6.416923e+00
40,4.027363e-01,1.035599e+00
41,2.456356e+00,4.049266e+00
42,1.341924e+00,-1.467749e+00
43,2.413822e+00,1.799281e+00
44,5.998447e-01,5.632989e-01
45,1.260138e+00,1.148264e+00
46,4.095582e-01,-1.293557e-01
47,2.461444e+00,2.207365e+00
48,1.009855e+00,1.782982e+00
49,1.558757e+00,2.740864e-01
50,1.672732e+00,-7.542112e-01
51,1.173998e+01,1.256293e+01
52,6.601176e-01,4.366731e-01
53,1.270662e+00,-7.731946e+00
54,7.873387e-01,4.878090e-01
0,0.000000e+00,0.000000e+00
1,7.671413e-01,-1.341386e-01
2,7.671413e-01,-1.341386e-01
3,1.607123e+00,2.332959e+00
4,4.534644e-01,6.900675e-02
5,6.377347e-01,-4.488405e-01
6,1.705202e+00,2.372928e+00
7,1.100884e+00,5.894128e-01
8,8.003823e-01,-1.296595e+00
9,1.885547e+00,1.531923e+00
10,4.511981e-01,-1.442959e+00
11,3.154622e+00,1.848066e+00
12,1.820557e-01,-2.120063e-01
13,1.145568e+00,2.109239e+00
14,2.199849e+00,1.099989e+00
15,1.958758e-01,-9.856182e-02
16,2.210379e+00,4.266720e+00
17,2.774017e+00,2.173400e+00
18,7.356750e+00,1.275172e+01
19,5.616555e-01,-1.919027e+00
20,1.145614e+00,-1.772993e+00
21,1.655564e-01,2.526802e-01
22,8.103322e-01,-7.696090e-01
23,2.300956e-01,8.852011e-02
24,1.523027e+00,-3.776390e+00
25,2.223420e+00,2.505131e+00
26,1.628205e+00,-1.690294e+00
27,1.056032e-01,6.140595e-02
28,9.611421e-01,-1.107390e-01
29,2.661794e-01,2.225380e-01
30,4.868782e+00,1.066811e+00
31,3.942421e+00,-2.742515e+00
32,4.260190e-01,-2.653609e-01
33,7.133175e-01,-2.297821e+00
34,1.071597e+00,8.222843e-01
35,7.110613e+00,1.848811e+00
36,1.537325e+00,6.382844e-01
37,2.043902e+00,-1.541007e+00
38,9.579239e-01,6.821595e-01
39,2.078620e+00,9.419471e-01
40,2.521384e-01,-6.535864e-01
41,1.258699e+00,-6.955230e-01
0,0.000000e+00,0.000000e+00
1,2.378345e-01,-4.898349e-01
2,2.378345e-01,-4.898349e-01
3,1.720884e+00,-3.805558e+00
4,8.577184e+00,1.765088e+00
5,4.048435e-01,-1.897489e-01
6,2.837296e+00,8.349297e-01
7,5.614016e-01,2.608238e+00
8,3.261283e-01,-5.249478e-01
9,3.188184e+00,2.720816e+00
10,4.871607e+00,-3.189650e+00
11,2.311956e+00,-1.626809e+00
12,4.256007e+00,-9.867472e+00
13,3.723385e+00,1.632862e+00
14,3.231940e+00,2.127878e+00
15,4.897359e-01,1.740609e-01
16,5.017888e-01,3.918803e-01
17,1.742918e+00,-8.838359e-01
18,2.513952e+00,6.914823e-01
19,4.036064e+00,2.858038e+00
20,1.864822e+00,-6.665324e+00
21,2.426881e+00,-5.309811e+00
22,3.693246e-01,-5.418279e-01
23,1.921846e+00,6.794566e-01
24,5.937586e-01,-4.722966e+00
25,7.103074e-01,8.762798e-01
26,6.524469e-01,-5.428033e-01
27,3.225908e+00,2.240943e+00
28,3.977931e-01,-8.153397e-02
29,3.208811e-01,1.600774e-01
30,6.255164e-01,7.615826e-01
31,1.943623e+00,-1.666591e+00
32,3.233450e+00,3.748332e+00
0,0.000000e+00,0.000000e+00
1,1.986492e-01,7.024295e-01
2,1.986492e-01,7.024295e-01
3,6.040832e+00,1.648710e+01
4,3.021739e+00,-3.268973e+00
5,4.438943e+00,6.463047e+00
6,3.800557e+00,-6.771379e+00
7,2.438683e+00,3.854923e+00
8,4.947513e-01,-4.881790e-01
9,8.624060e-01,-1.220081e+00
10,6.695345e+00,-3.264847e+00
11,4.749219e+00,-5.204834e+00
12,6.402018e-01,-1.617296e+00
13,4.820300e+00,3.621306e+00
14,1.937313e+00,-2.469999e+00
15,1.787864e-01,2.054967e+00
16,2.001899e+00,-2.685527e+00
17,4.002517e-02,7.505123e-02
18,1.604441e+00,-2.361576e-01
19,2.433968e+00,2.210039e+00
20,6.132908e-01,4.982605e-01
21,1.116920e+00,2.573576e-01
22,1.100801e+00,-1.254711e+00
23,5.811378e-01,-1.682868e+00
24,3.950571e-01,1.217420e-01
25,1.627716e+00,1.385194e+01
26,2.138044e+00,2.898167e-01
27,2.629319e+00,6.857992e-02
28,3.886793e+00,-1.780957e+00
29,1.033914e+00,3.736854e-01
30,9.272285e-03,-3.144122e-03
31,1.396864e+00,1.225855e+00
32,9.873766e-01,-1.196074e+00
33,5.153033e+00,1.965907e+00
34,6.120222e+00,2.078778e+00
35,1.282811e+00,1.024460e+00
36,5.044063e+00,1.134951e+00
37,3.548891e-01,5.361696e-01
38,8.261328e+00,9.642250e+00
39,9.611668e-02,7.271115e-02
40,2.814745e-01,4.368554e-01
41,3.695682e+00,1.513956e+00
0,0.000000e+00,0.000000e+00
1,7.301263e-01,-1.763392e+00
2,7.301263e-01,-1.763392e+00
3,9.585975e-01,-1.710145e-01
4,5.594285e+00,-1.302985e+00
5,2.600788e+00,-5.228287e+00
6,3.298058e-01,7.370323e-01
7,3.567179e-01,5.933498e+00
8,2.399458e+00,-3.260297e+00
9,2.132214e+00,-2.114807e+00
10,2.290560e+00,1.649516e+00
11,1.260614e+00,-1.231291e+00
12,3.553118e-01,1.025919e-01
13,1.122182e+00,-1.602716e+00
14,8.201478e-01,-1.065949e+00
15,3.614683e+00,3.718591e+00
16,5.450850e-01,-3.569943e-01
17,1.232522e+00,-7.370975e-01
18,6.972835e-01,2.433197e+00
19,5.109257e+00,1.489230e+00
20,4.888251e+00,-4.265004e+00
21,1.099914e+00,2.180757e+00
22,8.818401e-01,-2.461684e+00
23,3.210822e+00,4.701914e-01
24,7.863185e-01,-4.141947e+00
25,1.111518e+00,1.394722e+00
26,2.567461e+00,1.564670e+00
27,1.219117e+00,3.177245e+00
28,2.224111e+00,-2.341639e+00
29,1.411656e+00,1.659575e+00
30,1.030879e-01,2.792491e-01
31,1.042408e+00,-1.269965e+00
0,0.000000e+00,0.000000e+00
1,1.453551e+00,1.876145e+00
2,1.453551e+00,1.876145e+00
3,1.892501e+00,-1.870005e+00
4,1.984030e+00,3.235222e+00
5,9.650997e+00,1.323543e+00
6,6.417669e-02,6.734804e-01
7,1.285700e+00,-5.993195e-01
8,2.744125e+00,-5.334623e-01
9,1.464407e+00,2.474580e+00
10,5.382500e+00,6.118124e+00
11,6.118952e-01,-1.727136e-01
12,4.582856e-01,-7.349500e-01
13,8.906047e-01,1.124079e+00
14,2.304876e+00,-1.231733e+00
15,1.264087e+00,-1.261202e+00
16,1.116633e+00,1.838126e+00
17,1.442927e+00,2.724552e-01
18,2.979820e-01,5.039340e-01
19,1.096198e+00,1.881667e+00
20,4.883012e+00,-4.684689e+00
21,3.774673e-01,4.539137e-01
22,3.044664e+00,-4.254911e+00
23,5.082558e-01,1.342459e+00
24,3.220752e+00,-1.809922e+00
25,2.919357e+00,2.896828e+00
26,2.323571e+00,-2.572121e+00
27,3.722544e+00,4.921387e+00
28,1.457056e-01,-1.063629e-01
29,3.322475e-01,1.386758e+00
30,3.776674e-01,1.445882e-02
31,2.174603e+00,-1.051147e+00
32,1.570717e+00,4.291262e-01
33,8.066135e+00,7.596644e+00
34,8.107800e-01,-2.774111e-01
35,2.773954e-01,2.895488e-01
36,9.546672e-03,2.209946e-03
37,1.201436e-02,7.237777e-02
38,6.583903e-01,6.937332e-01
0,0.000000e+00,0.000000e+00
1,9.504326e-01,-2.251448e+00
2,9.504326e-01,-2.251448e+00
3,5.054896e+00,3.085248e+00
4,3.907148e-01,5.938578e-01
5,4.401782e+00,1.679209e+00
6,2.890358e-01,-2.001938e-01
7,4.762263e-01,-4.143242e-01
8,3.093605e-01,3.216291e+00
9,5.182917e+00,-3.158225e+00
10,3.634787e+00,3.153240e-01
11,2.727910e-01,-1.204279e+00
12,1.733321e+00,-1.259095e+00
13,2.134287e-01,2.448924e-01
14,1.799203e+00,5.539906e-01
15,1.957245e-02,-1.117497e-01
16,1.275021e+00,-8.604715e-01
17,1.406072e+00,1.387620e+00
18,1.105610e+01,2.962984e+00
19,9.493060e-01,6.549153e-01
20,5.421392e-01,-3.017140e-01
21,1.871851e+00,1.390368e+00
22,8.660498e-01,1.142742e+00
23,4.368129e-02,6.101596e-02
24,7.980242e-01,4.404144e-01
25,2.042689e+00,-1.486010e+00
26,3.698746e-01,-3.764921e-01
27,2.176958e+00,-1.061044e+00
28,1.531594e+00,-7.531152e-01
29,5.385220e+00,4.817822e+00
30,5.998702e+00,4.945533e+00
31,1.923033e+00,-1.053240e+00
32,2.174093e+00,-7.324435e-01
33,1.075260e+00,2.650153e+00
34,1.040688e+00,-8.970554e-01
35,1.192946e+00,-9.557783e-01
0,0.000000e+00,0.000000e+00
1,6.726558e+00,2.581064e+00
2,6.726558e+00,2.581064e+00
3,4.322906e-01,-4.750642e-01
4,1.727299e+00,2.775521e+00
5,4.998281e-01,-2.679612e+00
6,1.750151e+00,9.014942e-01
7,1.182906e+00,2.013905e+00
8,5.775306e-01,5.508543e-01
9,5.270531e-01,6.655694e-01
10,6.561966e-02,5.620476e-02
11,4.036966e-02,2.410649e-02
12,1.136878e-01,-3.607109e-01
13,4.188494e+00,-5.684183e-01
14,7.472073e-01,1.170105e-01
15,4.332572e-02,-4.353082e-02
16,9.043345e-01,3.039727e-01
17,5.331522e-02,-5.887171e-02
18,1.460872e+00,9.193702e-01
19,2.443964e+00,2.065478e+00
20,2.063715e+00,-1.619625e+00
21,2.588030e+00,1.741511e+00
22,6.336326e+00,-6.812531e+00
23,1.022464e+00,-7.100611e+00
24,3.897316e-01,2.552236e-01
25,6.420408e-01,5.855359e-01
26,8.868524e-02,-9.583184e-02
27,3.171312e-01,-3.026247e-01
28,7.177551e-02,-9.715624e-02
29,4.758482e-01,-2.020356e+00
30,3.762911e+00,2.119630e+00
31,7.186729e+00,-1.122541e+01
32,7.054152e-01,4.526787e-01
33,2.567620e-01,-1.906656e-01
34,1.712495e-01,1.536603e-01
35,2.719284e+00,3.211132e+00
36,1.020241e+00,-1.289436e+00
37,1.456192e+00,-4.986841e+00
38,5.258453e-01,-1.419797e+00
39,2.478010e+00,8.604181e-01
40,2.621028e+00,-4.988899e+00
41,1.425944e+00,-5.708610e-01
42,4.767898e-02,3.863680e-02
43,1.316894e+00,-1.552532e-01
44,3.292909e+00,-2.282739e+00
45,2.771783e-01,-7.437916e-01
46,1.148015e-01,-2.335201e-01
47,2.790645e+00,-2.658696e+00
48,1.365069e+00,-1.117364e+00
49,1.992638e+00,-6.104841e-01
50,2.635645e+00,-1.785160e+00
0,0.000000e+00,0.000000e+00
1,2.515946e+00,1.048686e+00
2,2.515946e+00,1.048686e+00
3,3.445812e-01,-1.013391e+00
4,2.611927e-02,-5.769218e-03
5,2.966572e-01,-2.502368e-01
6,1.657998e+00,3.556171e+00
7,1.051081e+00,2.528481e-01
8,5.015568e-01,1.520955e+00
9,7.740199e+00,1.863320e+01
10,3.442220e+00,-2.429462e+00
11,2.720471e+00,1.693374e+00
12,3.789849e+00,-5.525872e+00
13,2.270846e+00,2.282617e+00
14,6.259595e-01,8.338011e-01
15,2.968329e+00,-2.267916e+00
16,3.140046e-01,6.492910e-02
17,2.193788e+00,4.781626e+00
18,3.033026e+00,-7.392651e-01
19,6.700545e-01,1.642666e+00
20,2.709448e-01,2.137574e-01
21,1.797546e+00,-2.656258e+00
22,2.101881e-01,-2.230639e-01
23,1.984072e-02,-7.380445e-02
24,3.545042e+00,2.778791e+00
25,1.247057e+00,-1.216157e+00
26,2.937505e-01,6.218706e-02
27,2.276346e+00,-5.579028e-01
28,3.160406e+00,-3.273199e+00
29,2.607091e+00,3.740581e+00
30,3.191733e+00,-2.211242e+00
31,7.296311e-01,-3.099551e+00
32,6.415828e-01,4.001192e-01
33,1.090205e-01,-2.703347e-01
34,5.776725e-01,7.922087e-01
35,2.074369e+00,-3.409560e+00
36,3.592695e-02,-2.418845e-02
37,3.083637e+00,-3.554058e-01
38,1.457939e+00,1.542706e+00
39,3.342429e-01,3.759600e-01
0,0.000000e+00,0.000000e+00
1,1.839574e+00,6.116670e+00
2,1.839574e+00,6.116670e+00
3,6.422185e-01,6.285027e-01
4,2.113295e+00,-3.668820e+00
5,1.294416e+00,-1.388294e+00
6,1.737667e+00,-9.086075e-01
7,7.962514e-03,-3.630143e-03
8,9.739030e-01,6.717283e-01
9,1.723835e+00,1.746631e+00
10,2.909627e-01,2.320015e-01
11,4.331758e+00,3.479448e+00
12,2.888822e-02,-2.620913e-02
13,1.859139e-01,2.692146e-01
14,2.627038e+00,-1.265345e+00
15,2.641940e+00,-6.818711e-01
16,3.339278e-01,-2.492145e-01
17,4.051876e-01,-2.823462e+00
18,3.007363e+00,-5.027829e+00
19,1.161457e+00,-5.548495e-01
20,3.431309e+00,3.462210e+00
21,2.023314e+00,-1.176016e+00
22,5.150061e-01,7.316469e-01
23,9.807963e-01,-3.464910e+00
24,1.885158e+00,-1.656360e+00
25,4.591948e-01,1.590304e-01
26,2.025320e+00,1.182562e+00
27,9.152493e-01,-2.535847e+00
28,1.908089e+00,5.317390e+00
29,8.393590e-01,1.828100e+00
30,8.757112e+00,-3.122536e+00
31,4.965910e-02,-5.370265e-02
32,9.936286e-01,-1.000392e+00
33,1.606897e+00,-4.982577e+00
34,6.156452e+00,3.121794e+00
35,9.622640e-01,-1.372092e+00
36,3.575527e+00,2.790609e+00
37,3.405419e-01,5.122520e-01
38,2.758343e+00,3.796144e+00
39,6.402624e-01,-3.858294e-01
40,1.051316e+00,-1.393016e+00
0,0.000000e+00,0.000000e+00
1,4.700450e-02,3.099419e-02
2,4.700450e-02,3.099419e-02
3,1.186163e+00,-1.198022e+00
4,2.029834e+00,-9.572646e-01
5,4.110912e+00,-2.452559e+00
6,2.466015e+00,-7.358426e+00
7,7.238686e+00,6.845875e+00
8,1.484596e+00,1.832341e+00
9,8.883372e-01,3.835222e+00
10,2.182536e+00,-3.560498e+00
11,3.241475e+00,1.180169e+00
12,2.293178e+00,9.825930e-01
13,3.550309e-02,1.103128e-02
14,1.157157e+00,-5.220778e-01
15,2.941605e-01,1.843041e-01
16,1.413976e-01,-7.182374e-03
17,3.933465e-01,-1.557249e-01
18,4.420381e-01,-6.053285e-01
19,4.781695e+00,-8.117795e-01
20,5.064662e+00,1.654289e+01
21,2.452293e-01,3.644612e-01
22,1.483348e+00,-8.885624e-01
23,2.832099e-01,-5.647377e-01
24,5.373587e-01,6.659864e-01
25,1.137546e+00,2.127313e+00
26,1.922812e+00,-1.548534e+00
27,1.314561e+00,1.538910e+00
28,6.812330e-01,-2.148122e-01
29,8.619411e-01,7.198890e-01
30,2.203714e+00,-2.325266e+00
31,2.210923e-01,-1.466829e-01
32,3.705700e+00,3.074742e+00
33,1.684982e+00,3.829580e+00
34,3.874839e-01,1.761213e+00
35,4.818130e+00,-1.436691e+00
36,2.833834e-01,2.628937e-01
37,1.809627e+00,1.058082e-01
38,5.392914e+00,8.695512e+00
39,4.056153e-01,3.465342e-01
40,3.721236e-01,-9.392966e-01
41,2.466510e-01,5.819351e-01
42,1.366845e+00,-1.222975e+00
43,1.340205e+00,3.108574e+00
44,1.274186e-01,-3.404379e-01
0,0.000000e+00,0.000000e+00
1,3.387203e+00,2.043537e+00
2,3.387203e+00,2.043537e+00
3,5.135430e-01,-1.811874e+00
4,1.293062e+00,-2.325195e+00
5,1.555781e+00,2.696784e+00
6,3.094075e-01,-3.094487e-01
7,9.369523e-01,2.436500e-01
8,1.547917e+00,2.179204e+00
9,3.458131e+00,5.696416e-01
10,1.847141e-01,5.368530e-01
11,2.159761e+00,-2.423147e+00
12,3.080573e+00,2.932523e+00
13,1.033141e+00,2.656846e+00
14,1.464118e-02,-4.926137e-02
15,2.881358e-01,1.561330e-01
16,9.366447e-01,-1.095029e+00
17,1.546695e+00,1.715006e+00
18,2.363845e-01,-1.748186e+00
19,1.501688e+00,4.987665e-01
20,4.176998e+00,2.764366e+00
21,8.081118e+00,3.115751e+00
22,2.990033e+00,-1.018863e+00
23,1.746887e+00,-2.875973e+00
24,1.881119e-01,1.438496e-01
25,6.660889e-01,-9.712947e-01
26,2.602760e+00,-1.502451e+00
27,1.547632e+00,8.552899e-01
28,4.565926e-01,6.054624e-01
29,4.520481e+00,1.394679e+00
30,8.018762e-01,1.213471e-01
31,1.163179e-01,-1.341289e-01
32,1.757275e-01,1.017943e-01
33,4.605150e+00,8.716789e+00
34,2.574403e+00,-6.321798e+00
35,7.609360e-01,1.862790e+00
36,6.052318e+00,-1.055838e+00
37,8.737925e-01,-1.060792e+00
38,5.644444e-01,-1.941381e+00
39,3.582849e-01,-4.158566e-01
40,3.703185e+00,3.052852e+00
41,1.933859e+00,-2.009043e+00
42,1.610438e+01,-6.638800e+00
43,6.059085e-02,-1.861825e-01
44,7.067019e+00,-6.274821e+00
0,0.000000e+00,0.000000e+00
1,2.204165e+00,3.585939e-01
2,2.204165e+00,3.585939e-01
3,4.114840e-02,6.026105e-02
4,8.497869e-01,-6.136445e-01
5,3.518618e-01,2.122879e-01
6,1.917428e+00,1.373748e+00
7,5.470822e+00,3.901497e+00
8,3.102513e+00,5.435343e+00
9,9.695364e-01,-1.116654e+00
10,3.485610e-01,-1.330978e+00
11,1.944474e-02,2.626138e-02
12,7.860782e-01,4.105854e+00
13,7.196820e-01,-3.399945e+00
14,8.242951e-01,6.183486e-01
15,2.094916e+00,2.421061e+00
16,4.542751e+00,-4.809858e+00
17,2.342371e+00,1.946816e+00
18,1.050852e+00,2.079339e+00
19,7.679506e-01,-1.080092e+00
20,8.788067e-01,1.174953e+00
21,1.323134e-02,1.735066e-02
22,1.100214e+00,2.394788e+00
23,6.480428e-01,3.662674e-01
24,1.248366e+00,6.323652e-01
25,3.313606e-01,9.854453e-01
26,5.629260e-02,-3.793501e-02
27,4.473997e+00,4.248265e+00
28,1.871990e+00,2.735850e+00
29,3.012383e+00,-2.582720e+00
30,1.833605e+00,1.023174e+00
31,7.915779e-01,-7.566270e-01
32,1.646295e+00,-1.756049e+00
33,6.694984e-03,-9.839497e-03
34,1.140864e+00,5.178836e-01
35,7.835404e-01,1.740823e+00
36,2.126746e+00,4.535201e-01
37,3.117587e+00,9.356008e-01
38,1.342616e+00,5.127118e-01
39,1.949509e+00,-3.238994e+00
40,4.144371e-01,1.871136e-01
41,6.754128e+00,1.504455e+01
42,2.363378e-01,7.230726e-02
43,1.807085e+00,-1.471859e+00
0,0.000000e+00,0.000000e+00
1,1.849836e-02,2.393232e-02
2,1.849836e-02,2.393232e-02
3,5.478028e+00,1.669152e+00
4,2.936757e-02,-2.428025e-02
5,1.078828e+00,1.597453e+00
6,5.421187e-01,4.087456e-02
7,2.688517e-01,-2.532940e-01
8,1.117070e+00,4.495060e+00
9,2.958783e+00,3.458052e+00
10,6.626806e+00,-7.305658e-01
11,1.181788e+00,-6.276673e-01
12,4.573881e-01,1.421490e+00
13,5.685549e-01,-8.536782e-01
14,7.965030e-01,4.646747e-01
15,4.801744e+00,2.470065e+00
16,9.029867e-03,-7.660860e-03
17,6.193694e+00,-1.958870e+00
18,3.841863e+00,-7.260168e-01
19,3.657563e+00,2.442170e+00
20,2.142534e-01,1.167125e+00
21,1.344742e+00,-4.726936e+00
22,3.637755e-01,4.520588e-01
23,5.081791e+00,6.692431e+00
24,4.061572e-02,-1.052373e-01
25,3.108541e+00,-1.795585e+00
26,9.112968e-02,1.214752e-01
27,6.473756e-01,-9.789399e-01
28,1.487613e-01,-4.819960e-01
29,7.120781e-01,-1.928527e+00
30,3.034453e+00,-3.461099e+00
31,2.627736e+00,-2.266121e+00
32,3.275396e-01,-3.901059e-01
33,3.197410e+00,-3.527972e+00
34,2.324054e+00,-2.767898e+00
35,1.853128e-02,5.473165e-03
36,4.627183e+00,2.815402e+00
37,4.210925e-01,1.843884e+00
38,2.240762e+00,4.088902e+00
39,5.746762e-01,-2.970580e-01
40,4.901071e-01,2.974319e-01
41,1.145282e+00,-3.212924e-01
42,1.530018e+00,1.291299e+00
43,7.164516e-01,-6.404820e-01
44,5.887324e+00,2.528709e+00
45,1.650819e-01,7.458449e-02
46,9.094248e-01,-8.096434e-01
47,1.318882e+00,-8.747953e-01
48,1.800210e+00,-1.400742e+00
49,1.557830e+00,-3.568656e+00
0,0.000000e+00,0.000000e+00
1,1.431458e+00,-8.080055e-01
2,1.431458e+00,-8.080055e-01
3,5.019569e+00,5.748721e+00
4,2.208431e+00,4.750735e+00
5,1.061804e+00,-2.155553e+00
6,6.345399e-01,8.015246e-01
7,3.932856e-01,3.436440e-01
8,1.974382e+00,-1.506628e+00
9,4.559464e-01,-5.012594e-01
10,1.248493e+00,-3.384952e-01
11,1.257111e+00,1.720778e+00
12,8.246292e-01,1.443916e+00
13,1.027125e-02,8.053358e-03
14,1.478118e+00,5.953136e-01
15,2.374568e+00,-5.834039e-01
16,1.552610e+00,2.677867e-01
17,4.031347e+00,-1.682215e+00
18,1.993788e+00,2.738426e+00
19,7.552702e-01,1.509675e+00
20,2.533527e+00,-4.689746e+00
21,8.488589e-01,-8.722015e-01
22,3.842945e-02,-1.160555e-01
23,6.113991e+00,-1.786971e+00
24,1.260465e+00,1.058890e+00
25,5.382768e+00,4.666442e+00
26,7.909152e-01,-1.427298e+00
27,9.627535e-02,-4.650454e-02
28,4.333845e+00,-5.115309e+00
29,3.372903e+00,2.389404e+00
30,4.441360e+00,-1.586891e+00
31,7.083481e+00,-8.776785e+00
32,1.844628e+00,3.733167e+00
33,6.379190e-01,-1.158174e-01
34,4.466902e-01,-4.865875e+00
35,8.081352e-01,-2.107094e+00
36,4.713695e+00,7.412544e+00
37,8.624663e-01,-9.167480e-01
38,3.156803e-01,1.934020e-01
39,4.350155e-01,1.013788e-01
40,5.085526e+00,-1.862960e+00
0,0.000000e+00,0.000000e+00
1,5.606651e-01,3.749977e-01
2,5.606651e-01,3.749977e-01
3,2.289668e+00,9.838257e-01
4,4.793698e-01,3.595336e+00
5,1.402484e+00,3.093898e+00
6,1.242005e+00,-1.073894e+00
7,4.949672e-01,3.474666e-01
8,8.426488e-01,5.509122e-01
9,3.271116e+00,6.135171e+00
10,8.871825e-01,8.717127e-01
11,3.996228e+00,-2.136058e+00
12,2.148395e-01,-7.668015e-01
13,6.089784e+00,-7.548738e+00
14,4.579237e-01,4.329171e-01
15,1.298299e-01,1.689394e-01
16,3.211031e-01,1.123664e-01
17,2.140996e+00,3.605237e+00
18,1.984625e+00,1.086912e+00
19,4.597927e+00,2.528233e+00
20,3.446531e-01,1.610195e+00
21,1.092755e+00,5.172314e-01
22,8.337681e+00,-6.734096e+00
23,1.138090e+00,1.070905e+00
24,6.313632e+00,-4.412868e+00
25,3.857035e+00,-6.078427e-01
26,1.536702e+00,9.937313e-01
27,6.974667e+00,2.552586e+00
28,7.367997e-01,7.502640e-01
29,4.735509e-02,-5.564385e-02
30,2.446166e-01,2.097579e-01
31,1.638576e+00,-4.286171e+00
32,1.143330e+00,-1.220640e+00
33,8.828390e-01,6.918231e-01
34,2.194963e-01,-3.718610e-01
35,8.996827e-01,2.500876e+00
36,5.383747e+00,-5.290576e+00
37,1.891380e+00,-3.807614e+00
38,5.500708e+00,-3.072040e+00
39,1.407327e-01,-1.826022e+00
40,1.843793e-01,-1.956906e-01
41,3.173801e-01,1.307952e-01
42,2.624967e+00,2.212374e+00
43,2.899497e+00,4.193945e+00
44,7.265519e+00,-4.204609e+00
45,2.003397e+00,-1.049620e+00
46,2.641405e+00,1.850856e+00
47,1.950598e-01,1.864207e+00
48,1.084347e+00,-9.874571e-01
0,0.000000e+00,0.000000e+00
1,2.295789e-01,-1.261207e-01
2,2.295789e-01,-1.261207e-01
3,9.460752e+00,-5.325561e+00
4,1.702641e+00,-4.747731e+00
5,2.298006e-01,2.275299e-01
6,5.062746e+00,2.955908e+00
7,8.121612e-01,1.167792e+00
8,1.986515e-01,-4.391808e-01
9,1.787026e-01,2.521458e-01
10,1.907311e+00,1.034497e+00
11,5.668586e-01,-1.046714e+00
12,9.753383e-01,4.714601e-01
13,8.620053e-01,7.319175e-01
14,4.936677e-01,2.111685e-01
15,3.945517e-01,-9.804926e-01
16,2.777619e+00,3.157973e+00
17,4.661580e-01,-5.212216e-01
18,5.931958e+00,-3.967242e+00
19,1.979316e+00,6.292782e+00
20,2.469592e-01,2.321888e-01
21,2.545090e+00,7.755484e+00
22,4.638547e-01,9.927767e-01
23,1.684141e+00,-2.889250e+00
24,7.302579e-01,3.609470e-01
25,2.499255e+00,7.886782e-01
26,1.199482e+00,-1.479652e+00
27,7.823485e-03,8.255094e-03
0,0.000000e+00,0.000000e+00
1,4.526755e-01,4.056965e-01
2,4.526755e-01,4.056965e-01
3,6.207663e-02,8.307874e-02
4,1.067009e+00,-1.399365e+00
5,5.822795e+00,4.800446e+00
6,3.092466e+00,2.782943e+00
7,6.126542e-01,6.278005e-01
8,2.067571e+00,4.147111e+00
9,4.213315e+00,5.619573e+00
10,1.650197e-01,1.325937e+00
11,1.104780e+00,2.169789e+00
12,7.831770e-01,5.294353e-01
13,3.630897e+00,5.105784e+00
14,3.429464e+00,-4.452614e+00
15,1.332600e+00,1.825715e+00
16,7.373137e-01,1.832791e+00
17,8.232938e-01,1.087455e+00
18,1.798152e-01,-7.262681e-02
19,1.077437e+00,-3.899207e+00
20,2.514319e+00,3.011204e+00
21,4.648736e-01,-1.630344e+00
22,3.604691e-01,1.885756e-01
23,4.835984e-01,-1.013016e+00
24,2.262481e-01,-1.394064e+00
25,6.151270e-01,-7.194998e-01
26,4.378824e+00,2.479391e+00
27,2.382323e-01,-1.615372e-01
28,3.076593e+00,-2.211582e+00
29,2.873331e+00,1.091725e+00
30,7.679639e+00,-4.222570e+00
31,8.086302e+00,2.353999e+00
32,5.147583e+00,5.152011e+00
33,1.703825e-01,2.373926e-01
34,8.576228e-01,-6.574173e-01
35,4.614872e-01,4.274016e-01
36,9.619126e-03,-2.432133e-02
37,1.686386e+00,-1.023546e+00
38,1.656207e+00,1.341472e+00
39,1.551545e+00,4.228933e-01
40,4.947610e-01,2.216535e-01
41,2.172709e+00,6.495527e-01
42,9.731163e-01,-2.802145e+00
43,4.423248e+00,-2.852589e+00
44,6.174626e-01,-5.852793e-01
45,1.833830e+00,-6.454981e-01
46,6.785410e+00,1.005561e+00
47,4.087472e+00,1.044221e+00
48,3.937638e-01,-5.966469e-01
49,6.258250e-01,-1.089327e+00
50,2.258636e-01,2.710034e-01
51,1.538636e+00,-4.972391e-01
52,1.608528e+00,-1.257109e+00
0,0.000000e+00,0.000000e+00
1,3.180086e-01,-2.049438e+00
2,3.180086e-01,-2.049438e+00
3,6.028829e-01,-5.401831e-01
4,1.176597e+00,1.759972e+00
5,1.500199e+00,-7.264457e-01
6,3.154168e+00,1.312876e+00
7,4.061283e-01,4.810150e+00
8,4.829551e+00,5.135607e+00
9,5.064917e+00,-2.267007e+00
10,5.708375e-01,4.070587e-01
11,3.743802e+00,3.548806e+00
12,6.083652e-02,1.103512e-01
13,2.790293e+00,1.352100e+00
14,7.159330e-01,9.939602e-01
15,1.900572e-01,1.512700e-01
16,8.454976e-01,-8.337988e-01
17,1.340849e+00,7.648437e-01
18,7.178432e-01,-4.384451e-01
19,1.306708e+01,7.310564e+00
20,1.401583e+00,5.621442e+00
21,2.141770e-01,-1.263698e-01
22,5.851079e+00,7.877081e+00
23,1.685136e-01,1.468745e-01
24,2.905258e+00,9.544088e-01
25,9.298244e-01,7.403364e-01
26,3.485998e+00,-7.405601e+00
27,5.191314e+00,-2.523620e+00
28,2.206989e+00,-5.573552e+00
29,3.883217e+00,-3.894543e+00
30,1.458579e+00,-3.385842e+00
31,6.306748e+00,-6.717667e-01
32,2.060549e+00,-6.196029e-01
33,2.292648e-02,-1.047152e-02
34,2.510816e-01,-3.557490e-01
35,3.740620e-01,8.879561e-01
36,1.200902e+00,4.743278e-01
0,0.000000e+00,0.000000e+00
1,1.372784e+00,-6.763751e+00
2,1.372784e+00,-6.763751e+00
3,5.661144e+00,-3.775090e+00
4,2.335369e+00,-5.603608e-01
5,1.596149e+00,-2.951640e+00
6,2.095941e+00,-1.386653e+00
7,1.025811e+00,4.418955e+00
8,8.292358e-01,-1.292614e+00
9,3.725189e-02,-2.069415e-01
10,2.170591e+00,-8.545266e-01
11,3.967458e+00,1.760195e+00
12,5.806571e-01,1.300326e+00
13,2.835904e+00,6.884139e-01
14,6.525976e-01,1.013541e+00
15,2.787355e-01,1.175428e+00
16,1.466559e+00,-1.499977e+00
17,4.221354e+00,-1.245611e+00
18,3.547878e+00,9.106908e+00
19,1.403856e+00,-1.785194e+00
20,8.770856e-01,-8.769641e+00
21,1.732260e+00,-2.367274e+00
22,8.076877e-03,-1.859637e-03
23,8.172349e+00,8.268243e+00
24,3.699503e+00,-1.327594e+01
25,6.929404e+00,-3.447242e+00
26,1.170222e-01,-8.272011e-02
27,7.783695e+00,-2.123630e+00
28,2.489554e-01,-1.448229e-01
29,1.538417e+00,-1.356587e+00
30,2.571229e+00,-3.852617e+00
31,6.705050e+00,-2.821593e+00
32,4.171271e+00,-7.196565e-01
0,0.000000e+00,0.000000e+00
1,6.578462e-01,-5.295630e-01
2,6.578462e-01,-5.295630e-01
3,6.336682e-01,4.194072e-01
4,1.528999e-01,-1.304121e-01
5,2.147684e+00,9.489897e-01
6,3.005194e+00,1.391617e+00
7,8.139671e-01,-1.581158e-01
8,3.896244e+00,-6.837764e+00
9,1.431949e+00,-3.607230e+00
10,1.636675e+00,-8.653557e-01
11,1.688991e+00,-3.649740e+00
12,2.515091e+00,-7.510715e+00
13,2.622534e+00,1.250155e+00
14,7.330556e-01,9.410092e-01
15,9.257870e-01,-1.650688e+00
16,1.456055e+00,1.739931e+00
17,3.214955e+00,1.005565e+00
18,4.239265e+00,3.028182e+00
19,7.688706e-01,-1.198328e+00
20,3.986757e-01,5.025407e-01
21,1.143490e+01,-9.024015e+00
22,9.020205e+00,5.408952e+00
23,8.893445e-01,2.153517e+00
24,7.791654e-02,1.813319e-01
25,7.925231e-01,-3.465517e+00
26,9.018883e+00,-6.098354e+00
27,5.554444e-01,2.705842e-01
28,4.178082e-01,3.695081e-01
29,6.350650e-01,6.004314e-01
30,1.418749e+00,1.742005e+00
31,1.683001e+00,1.918714e+00
32,2.142205e+00,-1.832396e+00
33,7.617347e-01,6.166183e-01
34,2.792092e-01,3.846676e-01
0,0.000000e+00,0.000000e+00
1,9.424674e+00,-5.538808e+00
2,9.424674e+00,-5.538808e+00
3,1.657246e+00,4.065581e-01
4,1.188322e-01,-1.555043e-01
5,1.152214e-01,-7.421894e-01
6,8.290789e-01,-2.120191e+00
7,1.543284e+00,-1.234321e+00
8,5.913546e-02,-7.335552e-02
9,2.678894e-01,3.313559e-01
10,5.011378e+00,1.675649e+00
11,2.316254e+00,3.033076e+00
12,1.063411e+00,-1.261988e+00
13,3.542783e+00,-2.588045e+00
14,9.609304e-01,6.025508e-01
15,5.691865e-02,-4.353806e-02
16,1.667751e+00,2.703035e+00
17,9.745654e-01,-9.999571e-01
18,8.269181e-02,5.849791e-02
19,3.339246e+00,-3.923849e+00
20,1.030408e+00,6.770586e-01
21,5.708100e-01,3.803972e+00
22,1.597017e-01,1.768623e-01
23,8.612479e+00,5.675404e+00
24,1.946574e+00,-3.335504e+00
25,6.519015e-01,5.429424e-01
26,2.831686e+00,3.618970e+00
27,2.304751e+00,-8.565766e-01
28,2.468228e+00,-1.856380e+00
29,9.491347e-01,3.940707e-01
30,5.418671e-01,5.084587e-01
31,1.647764e+00,2.185969e+00
32,6.296918e-01,4.631671e-01
33,1.776741e+00,2.718250e+00
34,3.347788e+00,1.448071e+00
35,1.776977e+00,7.417703e-01
36,9.025585e-01,5.892843e+00
37,2.632585e+00,4.135294e+00
38,1.920700e-01,1.360898e+00
39,7.377875e-01,-3.320715e+00
40,4.492171e-01,-1.370486e+00
41,3.015156e+00,1.310187e+00
42,9.887659e-02,1.864044e-01
43,2.743810e+00,-1.933468e+00
44,6.726095e-01,-1.868296e-01
45,4.897547e-01,8.175378e-01
46,6.851378e-01,-1.033936e+00
47,9.451475e-01,1.324950e+00
48,7.871443e-01,-5.576611e+00
0,0.000000e+00,0.000000e+00
1,2.934179e+00,6.812030e-01
2,2.934179e+00,6.812030e-01
3,5.766261e+00,-9.546953e+00
4,2.509694e-01,3.160431e-01
5,6.580738e+00,2.939803e+00
6,2.439342e+00,4.987458e+00
7,4.491117e+00,-1.980914e+00
8,1.152917e+00,1.103494e+00
9,3.962772e-01,-6.334706e-01
10,4.018692e+00,-3.448002e+00
11,6.607719e-01,-2.919394e-01
12,1.400346e-01,2.372955e-01
13,3.413614e+00,2.818702e+00
14,1.179328e+00,-1.001508e+00
15,1.840519e+00,3.759276e-01
16,1.122892e+00,-1.905889e+00
17,4.245879e+00,-5.856763e+00
18,2.721569e+00,-1.296044e+00
19,4.434412e-01,-1.246481e+00
20,6.601095e-01,4.802187e-01
21,3.949213e-01,2.612273e+00
22,2.988915e+00,1.758119e+00
23,7.870985e-01,1.568238e+00
24,2.015191e-01,-1.211579e-01
25,3.322122e+00,-1.151507e+00
26,1.393999e+00,1.646123e+00
27,6.890849e-03,-9.387661e-03
28,1.303312e+00,1.397139e+00
29,2.270668e+00,1.000382e+00
30,5.257738e-01,9.361825e-02
31,1.976990e-01,-2.565072e-01
32,1.302089e+00,1.148111e+00
33,2.995293e+00,3.713902e+00
34,9.889690e-01,2.294619e-01
35,6.281146e-01,3.550320e-01
36,1.300981e+00,-1.050051e+00
37,4.412163e+00,1.893678e+00
38,9.238215e-01,-2.829106e-01
39,1.034673e+00,5.579675e-01
40,1.412641e+00,-2.508371e+00
41,3.137078e+00,1.734380e+00
42,5.339061e-01,5.570487e-01
43,5.061946e-01,2.844514e+00
44,3.370768e+00,1.287307e+00
45,6.135402e+00,-1.033067e+00
46,3.715770e-01,4.464296e-01
47,4.726112e-01,-1.229929e+00
48,2.693814e+00,6.465166e+00
49,2.048721e+00,-3.370693e+00
50,4.399824e-01,-7.843609e-01
51,4.996091e+00,-1.026280e+00
0,0.000000e+00,0.000000e+00
1,7.323231e-01,2.478987e+00
2,7.323231e-01,2.478987e+00
3,5.601925e-01,-4.124939e-01
4,9.342394e-01,1.853816e+00
5,7.110580e-01,-2.159702e+00
6,2.166213e+00,-6.956959e-01
7,6.910118e+00,-6.639102e+00
8,8.400795e+00,-1.613120e+00
9,9.488873e+00,3.333549e+00
10,7.919398e-01,-5.892014e-01
11,7.221561e-01,-1.373588e+00
12,1.159941e+00,-1.471637e+00
13,6.454045e-02,1.535580e-01
14,2.167981e+00,-3.691180e+00
15,4.909482e+00,-1.846444e+00
16,8.155646e-01,-8.927296e-01
17,2.900689e-01,2.952408e-01
18,1.495684e+00,1.978410e+00
19,9.542396e-01,-2.101396e+00
20,8.114815e+00,3.962425e+00
21,5.654381e+00,4.089537e+00
22,3.818878e+00,-1.391303e+00
23,5.127205e-01,-3.086150e-01
24,6.953582e-01,-3.978748e-01
25,1.164091e+00,2.203130e+00
26,5.664494e+00,3.438781e+00
27,1.959354e+00,1.156701e+00
28,1.239540e+00,-3.796722e+00
29,1.230109e+00,-1.099563e+00
30,2.227302e+00,5.503128e+00
31,1.966973e+00,1.024744e+00
32,6.414559e-01,-1.338128e+00
33,3.745807e-01,-4.163776e-01
34,3.499965e+00,6.141682e-01
35,8.322539e-01,1.239639e+00
0,0.000000e+00,0.000000e+00
1,5.193161e-01,2.384988e-01
2,5.193161e-01,2.384988e-01
3,2.093204e-02,-3.958154e-02
4,5.825076e+00,7.641014e+00
5,9.396583e-01,1.462888e+00
6,2.999846e+00,2.477239e+00
7,5.390613e-01,3.780252e-01
8,3.267808e-01,4.015735e-01
9,1.334973e+00,1.042091e+00
10,1.450272e-01,-6.435769e-02
11,9.976188e-01,2.082052e+00
12,4.645154e-01,-1.363755e+00
13,1.721643e+00,-6.373043e-01
14,4.438932e-01,4.239383e-01
15,3.097131e+00,3.673089e+00
16,1.073629e+00,-6.467416e-01
17,6.303459e-01,-7.026931e-01
18,1.124827e+00,1.652757e+00
19,6.598385e-02,3.957365e-01
20,1.910784e+00,-1.320068e+00
21,6.733325e-02,6.606646e-02
22,1.738903e-01,1.256970e-01
23,6.047979e-01,-5.804554e-01
24,1.752221e+00,-2.984656e+00
25,1.497135e+00,-2.289357e+00
26,5.340670e+00,2.309424e+00
27,1.245075e+00,7.689479e-01
28,7.592730e-01,-4.335393e-01
29,2.253864e+00,7.238357e-01
30,1.960236e+00,-3.527609e+00
31,5.650758e-01,1.362038e+00
32,2.069173e+00,2.599477e+00
33,1.056856e+00,5.829944e+00
34,2.578292e-01,-3.106519e-01
35,9.668371e-01,-7.896707e-01
36,2.927463e-01,-4.790590e-01
37,2.467283e+00,-2.581030e+00
38,1.646914e+00,1.874627e+00
39,9.171261e-01,-3.069036e-01
40,1.289477e-01,-3.852746e-01
41,1.074010e+00,2.293006e+00
42,8.560871e-01,-5.591179e-01
43,2.926921e+00,-2.956555e+00
44,6.096794e-01,-3.595547e-01
45,1.198265e+00,-2.505755e+00
46,2.401522e+00,9.158749e+00
47,1.111435e+01,4.039325e+00
48,9.348118e-01,1.496155e+00
49,4.635928e-01,4.604246e-01
50,1.230162e+00,-4.669012e-01
51,5.829369e-01,4.061400e+00
52,1.811190e+00,-2.074738e+00
53,4.473552e+00,2.457901e+00
0,0.000000e+00,0.000000e+00
1,1.965276e-01,-8.863036e-01
2,1.965276e-01,-8.863036e-01
3,8.664663e-01,-1.320008e+00
4,3.974214e-01,4.629742e-01
5,2.063537e+00,2.125055e+00
6,5.534493e+00,2.735979e+00
7,5.712780e+00,-1.222959e+00
8,1.327907e+00,3.448495e-01
9,6.031687e-01,9.637924e-01
10,4.475706e+00,-3.866118e+00
11,2.075332e+00,3.121854e+00
12,3.141199e+00,-4.223015e+00
13,1.041031e-01,1.734845e-01
14,6.503620e-02,-1.848831e-01
15,3.224070e-01,-5.421248e-01
16,4.029340e-01,-1.270547e+00
17,1.827868e-01,-1.781737e-01
18,3.698651e+00,-3.512683e+00
19,8.128751e-02,-5.604916e-02
20,3.360638e-01,-1.385553e-01
21,2.962887e+00,2.312130e+00
22,5.744690e-01,-1.609961e-01
23,4.500506e+00,2.619176e+00
24,1.233058e+00,4.987027e-01
25,1.943081e-01,1.718777e-01
26,2.937583e+00,-5.630883e+00
27,1.768458e+00,-1.228197e+00
28,2.503453e+00,-4.547822e-01
29,1.098959e-01,2.485296e-01
30,3.642704e+00,5.515476e-01
31,3.299137e+00,-1.364403e+00
32,4.861349e-01,3.712031e-01
33,5.460644e+00,3.690324e+00
34,2.820026e+00,-5.743361e-01
35,2.465492e+00,1.688978e+00
36,2.361314e+00,2.273476e+00
37,2.271554e+00,-1.668594e+00
38,1.789551e+00,1.231696e+00
39,1.042309e+00,6.530234e-01
40,1.115700e+00,-7.498746e-01
41,4.811921e+00,1.821553e+00
42,4.953562e-01,3.415644e+00
43,9.198704e-01,4.805059e-01
44,1.930626e-01,-2.148946e-01
45,1.919272e+00,-4.614025e+00
46,1.949154e+00,9.357614e-01
47,3.225191e+00,-3.298113e-01
48,4.597887e+00,1.203672e+00
49,4.370913e-01,-7.669106e-01
50,3.639958e-01,-4.482646e-01
51,5.373241e-01,3.112917e-01
52,1.463512e-01,4.743951e-02
53,6.755894e-02,-1.219187e-01
54,7.084911e-02,-2.255931e-01
0,0.000000e+00,0.000000e+00
1,3.918905e-01,1.887505e-01
2,3.918905e-01,1.887505e-01
3,5.905710e-01,-1.070840e+00
4,1.937676e+00,2.582722e+00
5,1.504258e+00,-2.925253e+00
6,1.992405e+00,-1.682391e+00
7,2.835264e+00,-2.763504e+00
8,7.981821e-03,-7.297011e-03
9,8.525372e-01,-8.098280e-01
10,5.879968e-01,1.253366e-01
11,2.651107e+00,-3.203239e+00
12,7.254488e+00,4.314139e+00
13,1.967420e+00,-5.516275e-01
14,4.400787e-01,3.159311e-01
15,1.300691e-01,-1.258100e-01
16,2.055167e-01,1.801309e-01
17,4.904416e+00,1.788783e+00
18,1.300887e+00,2.496595e-01
19,2.988709e+00,8.548984e-01
20,1.769620e-01,-3.520491e-01
21,6.907633e-01,-5.559321e-01
22,9.426164e-01,4.816505e-01
23,2.520950e-01,2.294495e-01
24,3.800841e+00,1.429917e+00
25,7.706478e-01,-9.694015e-01
26,1.308057e+00,-1.208569e+00
27,6.318816e-01,1.290167e+00
28,9.464641e-02,-1.064037e-01
29,4.201799e+00,5.915579e-01
30,1.680857e+00,5.193902e-01
31,4.857858e+00,-1.334271e+01
32,8.761565e-01,-3.076570e-01
33,5.384962e+00,-6.484008e+00
34,5.241896e-01,8.216834e-02
35,1.397383e+00,-2.691519e+00
36,4.460937e-01,-7.218138e-01
37,2.591144e-01,4.460172e-01
38,5.546337e+00,-3.005368e+00
39,1.318332e+00,-1.150392e+00
40,1.353079e+00,-2.250559e-01
41,9.137776e+00,1.158539e+00
42,6.393150e+00,4.020860e+00
43,1.222526e+00,-1.965895e+00
44,9.090260e-02,-4.785788e-02
45,1.256122e-01,1.902180e-01
46,2.074074e+00,-4.434556e-01
47,2.339300e+00,-1.538209e+01
0,0.000000e+00,0.000000e+00
1,1.419033e+00,-9.159841e-01
2,1.419033e+00,-9.159841e-01
3,6.230835e-01,-5.537456e-01
4,1.442368e+00,2.150087e+00
5,2.381267e+00,-7.452435e+00
6,1.524502e-01,-2.495083e-01
7,4.368658e+00,1.073822e+00
8,2.199077e-01,2.707137e-01
9,4.434302e-01,4.501144e-01
10,1.585378e+00,-3.437136e+00
11,8.222904e-02,-5.090706e-02
12,3.130214e+00,-2.295298e+00
13,4.009448e-01,-1.240657e+00
14,1.206947e+00,1.194746e+00
15,1.369772e+00,1.662253e-01
16,5.082683e-01,3.334312e-01
17,8.537217e-01,1.421971e+00
18,1.265761e+00,8.477241e-01
19,1.027664e-01,1.246522e-01
20,4.027798e-01,-8.455727e-01
21,2.580329e-01,-2.086795e-01
22,1.970186e-02,-8.960642e-02
23,1.184667e+00,7.882280e-01
24,1.404955e+00,-2.060723e+00
25,7.872418e-01,6.328559e-01
26,1.423364e-01,-1.517234e+00
27,1.343481e+00,1.795602e+00
28,2.512102e+00,-4.552837e+00
29,3.826252e+00,-2.253190e+00
30,6.899586e-01,-5.885493e-01
31,1.530771e+00,-2.315372e+00
32,1.542548e+00,3.709285e+00
33,3.534279e-01,6.613930e-01
34,2.836669e+00,-3.309066e+00
35,4.610995e-01,1.347055e-01
36,2.275395e-01,-2.913531e-01
37,4.951509e-01,-3.885560e-01
38,2.643597e+00,2.947887e+00
39,3.350730e-01,6.373185e-02
40,1.636866e+00,-2.081641e+00
41,6.523690e-01,-3.246280e-01
42,2.195871e+00,1.493080e+00
43,7.757891e+00,-6.442684e+00
44,2.147675e-01,2.219465e-01
45,3.553645e-01,2.365032e-01
46,2.922126e+00,-1.766925e+00
47,9.144464e-01,-2.983815e-01
48,2.643696e+00,-1.174500e+00
49,7.292056e-01,-5.986400e-01
0,0.000000e+00,0.000000e+00
1,1.169905e+00,-8.652896e-01
2,1.169905e+00,-8.652896e-01
3,5.224294e+00,2.117344e+00
4,1.676727e+00,-5.347777e+00
5,4.716752e-01,-1.279897e+00
6,1.361852e+00,4.075386e+00
7,3.020749e+00,7.696683e-01
8,2.108646e+00,-1.336948e+00
9,4.414417e-01,-4.051503e-01
10,6.440672e-01,-7.391972e-01
11,6.340239e-01,1.063602e+00
12,8.548415e-02,2.667229e-02
13,7.817212e-02,4.091598e-01
14,1.424825e+00,-9.250318e+00
15,4.156557e-01,-4.354838e-01
16,1.857499e+00,-4.485735e-01
17,1.020440e+00,-2.342286e+00
18,1.762180e-01,-9.775350e-01
19,5.399500e+00,-1.296144e+00
20,4.221977e+00,-2.257831e+00
21,5.005937e+00,-2.260868e+00
22,1.402894e+00,-4.041279e-01
23,1.110296e-01,-2.638483e-01
24,2.812281e-01,-7.282565e-02
25,8.375437e+00,-2.446988e+00
26,1.316427e+00,1.252130e+00
27,1.059483e+00,8.609982e-01
28,2.136919e+00,1.239605e+00
29,1.173890e+00,1.143492e+00
30,2.648861e-02,-4.755050e-01
31,2.348322e+00,1.570928e+00
32,3.148880e+00,-1.626480e+00
33,8.302004e-01,-2.611710e+00
34,2.482799e+00,3.387529e-01
35,2.043580e+00,-1.015774e+00
36,3.492225e-01,2.678333e-01
37,5.579302e-01,-8.568539e-01
38,1.786671e+00,8.653478e-01
39,2.620829e+00,1.133188e+00
40,2.060600e+00,1.920586e+00
41,4.193069e-01,6.966267e-01
42,3.463354e+00,-1.047017e+00
43,1.160806e+00,6.779412e-01
44,8.012704e-01,-1.798043e-01
45,4.094378e+00,-8.507167e-01
46,8.995373e-01,8.761820e-01
47,6.705830e-01,-4.303937e-01
48,1.045544e+00,-1.802315e+00
49,4.825198e-01,-6.777553e-01
50,4.030967e-01,-4.501986e-01
51,7.564333e-01,-9.409382e-01
52,2.058569e+00,-1.556791e+00
53,1.442582e+00,3.065279e+00
0,0.000000e+00,0.000000e+00
1,2.542276e-01,1.285298e+00
2,2.542276e-01,1.285298e+00
3,2.530982e-01,-4.297667e-02
4,3.827773e-01,-3.351477e-01
5,5.014515e-01,-1.401192e-01
6,7.113936e-01,-1.119985e+00
7,2.052120e+00,-2.073813e+00
8,1.247379e+00,-6.991755e-01
9,6.357682e-01,9.772084e-01
10,3.166462e+00,-1.828524e+00
11,1.576830e-01,-1.550473e-01
12,5.937013e-01,7.850407e-01
13,2.997268e-01,1.183536e+00
14,4.965124e-01,-3.300127e-01
15,1.259756e+00,-9.075819e-01
16,3.493189e+00,-3.360857e+00
17,2.405401e-02,3.993074e-02
18,1.681827e+00,-4.031212e-01
19,1.435309e+00,-2.411178e+00
20,7.790501e+00,-2.813086e+00
21,6.234620e-01,5.532585e-01
22,7.930376e-01,6.003636e-01
23,2.474776e+00,-3.930355e+00
24,4.495453e-01,-1.600126e-01
25,3.089950e+00,1.716731e+00
26,4.947574e+00,3.822208e+00
27,7.959693e-01,-8.729123e-01
28,3.532870e-02,3.838234e-02
29,1.490459e+00,7.331493e-01
30,4.504676e+00,-3.769826e+00
31,5.767118e+00,-7.804636e-01
32,3.782496e+00,6.138880e-01
33,8.719374e-01,3.259611e+00
34,7.377166e-01,-2.195566e+00
35,2.272234e+00,-3.432943e+00
36,8.278127e-01,-7.881424e-01
37,1.038303e+00,-5.932597e-01
38,3.434733e+00,1.903659e+00
39,7.334877e+00,-1.619490e+00
40,3.548317e-01,-7.462954e-01
41,7.120254e+00,-3.184286e+00
42,7.768231e-02,4.763295e-02
43,3.493043e-01,-2.738423e-01
44,8.129310e-01,7.177374e-01
45,1.132915e+00,-8.709168e-01
46,3.004041e+00,1.736259e+00
47,7.251016e+00,-4.062517e+00
48,4.716699e-01,5.811456e-01
49,2.736177e-01,3.269647e-01
0,0.000000e+00,0.000000e+00
1,2.183576e+00,-4.177968e-01
2,2.183576e+00,-4.177968e-01
3,4.312216e-01,1.415667e-01
4,1.284689e+00,-1.103655e+00
5,1.479127e+00,9.604505e-01
6,1.029468e+00,-1.880721e+00
7,1.142821e+00,-1.556025e+00
8,3.445192e+00,5.913520e+00
9,3.410684e-01,-5.933857e-01
10,3.968396e+00,-1.524245e+00
11,8.635145e-02,-9.209306e-02
12,4.178819e-01,4.298694e-01
13,1.924660e+00,-2.275350e+00
14,5.983058e-01,2.488542e-01
15,4.171019e+00,-3.435978e+00
16,7.327520e-01,-1.496065e+00
17,2.790912e-01,-4.329702e-01
18,1.868576e+00,-3.177697e+00
19,2.798261e+00,-3.972841e+00
20,2.340612e-01,1.614344e-01
21,4.637973e+00,-9.808273e-01
22,1.651523e+00,3.726624e+00
23,1.331932e-01,-7.213943e-01
24,4.070372e+00,-3.622907e+00
25,3.111960e-01,1.103676e+00
26,1.596803e-01,9.670496e-02
27,1.754828e+00,-8.339866e-01
28,3.254618e-02,-1.090099e-01
29,2.595655e+00,-2.376261e+00
30,4.701471e-01,8.180652e-01
0,0.000000e+00,0.000000e+00
1,8.283604e-01,-1.792714e+00
2,8.283604e-01,-1.792714e+00
3,8.515484e+00,6.575013e-01
4,3.527898e+00,-1.151235e+00
5,7.652386e-02,-1.663628e-01
6,5.135348e-01,-2.183084e-01
7,1.947952e+00,1.285034e+00
8,4.960470e+00,2.615911e+00
9,6.555533e-01,1.253980e+00
10,3.474834e-01,-6.358942e-01
11,1.993453e+00,1.399417e+00
12,1.634268e+00,1.943530e+00
13,5.837750e-02,-1.175107e-01
14,2.972499e+00,6.237859e-01
15,9.429135e-01,8.167023e-01
16,1.434961e+00,1.934451e+00
17,3.783509e+00,-3.145182e+00
18,1.395452e-02,1.950817e-02
19,1.364547e+00,-2.397870e-01
20,5.000983e-01,-1.153914e+00
21,8.549981e+00,7.394639e-01
22,1.615000e+00,-5.934461e-01
23,1.464325e+00,-2.400121e+00
24,1.559415e+00,3.617180e+00
25,4.350744e+00,-4.044213e+00
26,8.035606e-01,-1.059764e+01
27,1.254017e+01,5.600757e+00
28,7.021440e-01,9.608834e-01
29,5.089849e+00,1.077724e+00
30,1.797035e+00,2.334307e+00
31,4.934336e+00,3.124605e+00
32,1.029651e+00,-2.840149e+00
33,2.221133e+00,-1.734047e+00
34,2.589433e+00,-1.283935e+00
35,6.792249e-01,-2.553230e-01
36,4.532923e-01,-6.992519e-01
37,2.483696e-01,1.529881e-01
0,0.000000e+00,0.000000e+00
1,1.843742e-01,-1.833789e+00
2,1.843742e-01,-1.833789e+00
3,4.306262e-01,9.352431e-02
4,5.162163e-01,-2.783920e-01
5,5.575275e-01,8.007448e-01
6,2.699018e-01,-5.232721e-01
7,3.235780e+00,-1.353930e+00
8,1.025618e+00,2.829450e-01
9,3.514343e+00,-2.036263e+00
10,3.559201e-01,5.984136e-01
11,1.180163e+00,9.028241e-01
12,3.196390e-01,-1.332285e+00
13,2.741535e-01,-9.797978e-02
14,4.319593e+00,1.101804e+00
15,2.020707e-02,6.288927e-02
16,3.881843e+00,7.703526e+00
17,4.116641e-01,-1.513031e-01
18,3.008926e-01,2.968888e-01
19,5.973653e-01,-9.709544e-01
20,1.030025e+00,-6.779878e+00
21,3.280550e+00,1.706705e+00
22,2.975266e+00,-2.252930e+00
23,2.301785e+00,-2.378782e+00
24,5.331416e+00,-9.565962e-01
25,1.640707e+00,-3.194263e+00
26,1.284481e+00,-2.005415e+00
27,7.133194e-02,-2.631432e-01
28,7.935612e-01,7.470767e-01
29,2.744387e+00,3.433065e-01
30,2.347953e+00,3.623017e+00
31,1.679559e+00,1.453919e+00
32,6.227785e-01,1.298141e+00
33,2.584781e+00,2.859689e+00
34,3.955289e+00,2.386948e+00
35,3.792104e+00,-5.053017e+00
36,3.995040e+00,1.966549e+00
37,5.879515e-01,1.967453e-01
38,1.233477e+00,-5.984106e-01
39,1.288474e-01,-5.190863e-02
40,1.015958e+01,9.332326e+00
41,1.326471e+00,-8.804497e-01
42,4.349315e+00,4.188116e+00
43,6.292633e-02,-1.122585e-01
44,8.267935e-01,-6.937605e+00
45,5.175695e-02,9.530115e-02
46,2.740613e-01,5.666362e+00
47,1.385903e-01,-1.324782e-01
48,9.791868e-01,7.157745e-01
49,1.515824e+00,-4.823387e-01
50,1.805754e-01,8.229879e-02
51,1.476536e-01,3.942594e-01
52,2.162927e-01,9.157781e-01
53,2.616294e-01,5.436756e-01
0,0.000000e+00,0.000000e+00
1,1.067712e+00,-2.086684e-01
2,1.067712e+00,-2.086684e-01
3,3.024207e+00,1.085925e+00
4,4.966067e+00,-2.111322e+00
5,9.505412e-02,-1.996603e-02
6,2.321042e+00,1.586806e+00
7,4.356728e-01,-1.001776e+00
8,1.291602e+00,-8.764576e-01
9,1.447859e-02,5.852634e-02
10,4.299417e-02,1.015259e-01
11,2.458425e-01,-3.766582e-01
12,2.488783e-01,-4.770854e-01
13,1.600009e+00,8.332173e-01
14,2.083180e-01,7.322918e-01
15,9.734320e-01,-7.014644e-01
16,9.655638e+00,-2.976629e+00
17,1.660415e+00,-1.896070e+00
18,3.057316e+00,-3.145149e+00
19,3.007586e-01,-1.048831e-01
20,8.832028e-01,7.934810e-01
21,9.088591e+00,-3.182813e+00
22,1.420512e+00,7.684936e-01
23,3.315845e+00,-1.600036e+00
24,9.314015e-01,-3.725736e-01
25,8.580402e-01,-4.297610e-01
26,8.697292e-01,6.757287e+00
27,1.325009e+00,5.714608e-01
28,4.643791e+00,-1.324669e+00
29,1.985256e+00,-1.076552e+00
30,5.711469e-01,-6.349530e-01
31,2.203007e+00,-1.333364e+00
32,1.469054e-01,-2.290803e-01
33,8.285034e-01,1.092948e+00
34,1.953005e-01,3.144602e-01
35,8.844226e-01,-9.854395e-01
36,1.001727e+00,8.299209e-01
37,7.231223e-01,-3.623485e-01
38,3.171009e+00,-7.410636e-01
39,6.245090e+00,4.652444e+00
40,8.790852e-01,1.973392e+00
41,6.681044e-01,-1.742344e-01
42,9.143699e-01,3.878603e-01
43,2.052061e-01,-2.038555e-01
44,2.250069e+00,6.439072e+00
45,3.761628e+00,1.771635e+00
46,3.496097e+00,5.832153e+00
47,4.112933e-01,-9.898295e-01
48,4.627468e+00,-1.668754e+00
49,1.831148e-01,3.020302e-01
50,1.717245e+00,3.687750e-01
51,5.548803e-01,-1.025869e+00
52,3.743138e+00,1.062974e+00
0,0.000000e+00,0.000000e+00
1,3.168515e+00,6.695049e-01
2,3.168515e+00,6.695049e-01
3,5.791254e-01,-7.014075e-01
4,2.116736e-01,-2.816572e-01
5,2.910390e+00,3.419005e+00
6,1.138965e-01,4.228371e-01
7,9.252115e-02,3.003843e-01
8,1.170172e+01,9.613161e+00
9,5.302974e-01,7.698623e-01
10,3.105483e-01,-1.959514e-01
11,3.673598e-01,1.979663e-01
12,1.066106e+00,3.466457e-01
13,2.372856e+00,1.968174e+00
14,7.505756e+00,-3.091127e+00
15,1.802218e-01,1.841632e-01
16,6.455614e-03,4.418932e-03
17,1.249957e+00,8.311164e-01
18,3.246037e-01,-4.049764e-01
19,2.710852e+00,1.527264e+00
20,1.579771e+00,-6.447199e-01
21,3.532079e+00,1.318183e+00
22,1.830443e+00,-3.255332e+00
23,1.567930e+00,-8.290093e-01
24,4.541120e+00,7.625325e+00
25,2.743222e-01,1.541327e+00
26,3.876420e+00,-4.633892e-01
27,2.883739e+00,1.370783e+00
28,7.386968e-01,8.268289e-01
29,2.736164e+00,2.729439e+00
30,2.819738e+00,6.870558e+00
31,2.374479e+00,2.630830e+00
32,2.947791e-01,-6.220319e-01
33,1.953543e+00,-1.593976e+00
34,3.683996e+00,1.063956e+00
35,7.868075e-01,2.194529e+00
36,1.068897e+00,-2.693326e+00
37,6.040045e+00,3.334151e+00
38,2.747532e-01,-1.960979e-01
0,0.000000e+00,0.000000e+00
1,1.456666e+00,-1.491717e+00
2,1.456666e+00,-1.491717e+00
3,5.882725e-01,1.301904e+00
4,9.001731e-01,-7.418263e-01
5,2.945693e-01,2.448992e-01
6,5.850102e+00,-1.416925e+00
7,8.195101e-01,-8.405578e-01
8,4.543397e+00,3.416277e+00
9,6.466240e+00,-6.805300e+00
10,1.117005e+00,1.605601e+00
11,1.750842e+00,-6.359806e-01
12,1.071913e+00,-3.194367e+00
13,1.012334e+00,-1.093003e+00
14,3.822611e+00,4.740655e+00
15,3.354507e-01,3.272014e-01
16,6.012190e+00,6.284255e+00
17,3.300477e+00,-3.408849e+00
18,1.326809e+00,1.141559e+00
19,8.713510e-01,-1.278980e+00
20,1.200588e-01,9.978654e-02
21,3.081675e-01,1.579655e+00
22,3.739214e-01,2.812850e-01
23,1.052984e-01,9.150090e-02
24,1.643855e+00,3.081063e+00
25,2.799230e+00,-4.575291e+00
26,1.571745e+00,2.342570e+00
27,3.377279e-01,2.650012e+00
28,8.670459e-02,-7.106747e-03
29,1.071927e+00,3.515172e+00
30,1.512048e+00,-5.991712e-01
31,1.169145e+00,1.773447e+00
32,2.918956e+00,2.954650e+00
33,2.209450e+00,-2.724974e+00
34,1.878336e+00,1.643085e+00
35,1.910905e-01,4.371140e-01
0,0.000000e+00,0.000000e+00
1,1.237950e+00,-9.195588e-01
2,1.237950e+00,-9.195588e-01
3,6.783320e-01,-1.276994e+00
4,6.545166e-01,-3.772504e-01
5,4.888621e-01,-5.144194e-01
6,3.113681e-01,-5.111389e-01
7,1.218808e-01,8.542326e-02
8,1.124584e+00,-9.991765e-01
9,9.533669e-01,6.435360e-01
10,3.166402e+00,-2.839641e+00
11,5.306675e-01,5.482226e-01
12,5.015071e-01,3.180775e-01
13,1.130336e+01,7.050459e+00
14,2.027296e-01,2.325701e-01
15,2.785328e-01,2.453964e-01
16,6.512596e-01,-3.569879e+00
17,1.949697e+00,4.503471e-01
18,9.537629e-01,2.512857e+00
19,5.842745e+00,-9.664443e+00
20,5.391662e-01,5.264591e-01
21,3.317406e+00,4.009171e+00
22,1.015899e+00,-5.550051e-01
23,9.099298e+00,2.478414e+00
24,3.991926e+00,-1.780437e+00
25,6.349694e-02,2.148543e-02
26,3.351106e+00,-3.142795e+00
27,2.553451e-01,-2.119081e+00
28,5.468330e-01,-2.839934e-01
29,7.242841e-01,6.888481e-01
30,6.641704e-01,-8.440582e-01
31,1.698397e+00,6.369479e+00
32,2.562620e+00,-9.379422e+00
33,6.020349e-01,-4.018769e-01
34,1.670809e+00,1.555018e+00
35,1.967800e+00,5.915917e+00
36,8.077621e-01,4.626398e-01
37,5.669256e-01,-2.701751e-01
38,1.386809e-01,-4.518501e-01
0,0.000000e+00,0.000000e+00
1,3.016858e+00,1.803010e+00
2,3.016858e+00,1.803010e+00
3,4.325436e+00,6.437981e+00
4,1.587879e+00,1.076704e+00
5,3.250055e+00,1.255530e+00
6,1.473531e-02,-3.492099e-01
7,3.050587e-01,9.507288e-01
8,2.012770e-02,-3.708804e-02
9,2.821303e-01,-3.408066e-01
10,1.205944e+00,-2.059743e+00
11,2.085697e+00,-8.419869e-01
12,3.828656e+00,1.356095e+00
13,1.171432e+00,1.284550e+00
14,5.613452e+00,-2.841115e+00
15,6.260826e+00,4.101972e+00
16,7.709189e-01,-2.031299e+00
17,7.334409e+00,-4.820038e+00
18,3.877631e+00,-1.286722e+00
19,1.609689e+00,1.254929e+00
20,1.601325e-02,1.438338e-02
21,1.188704e+00,9.395218e-01
22,1.295215e+00,8.172049e-01
23,6.912073e+00,3.385891e+00
24,4.217431e+00,7.313800e+00
25,6.192476e+00,-7.270354e-01
26,8.000802e-01,-5.639154e-01
27,1.006287e+01,-1.131695e+01
28,3.698090e+00,5.744749e+00
29,1.864770e+00,9.259616e-01
30,7.398276e-01,-7.396482e-01
31,4.100581e-01,1.188306e+00
32,1.680529e+00,1.494373e+00
33,1.889029e+00,8.096172e-01
34,1.605731e-01,-1.238565e-01
35,2.063153e-01,1.109839e+00
36,1.512985e+00,1.053874e+00
37,6.776985e-02,-6.357833e-02
38,3.977372e-01,8.606421e-01
0,0.000000e+00,0.000000e+00
1,4.430599e-01,1.097314e-01
2,4.430599e-01,1.097314e-01
3,4.135461e+00,-2.481958e+00
4,8.905044e-02,-1.000112e-01
5,9.796897e+00,-3.143329e+00
6,6.116783e+00,-7.340897e+00
7,1.483729e-01,3.087525e-01
8,1.611480e+00,6.085586e-01
9,2.587614e-03,-1.011348e-02
10,2.026835e-01,2.620572e-01
11,5.752021e+00,-5.754311e+00
12,2.821650e+00,-1.546252e+00
13,1.232166e+00,-2.884265e-01
14,2.533002e-01,8.371117e-02
15,1.973805e+00,1.324258e+00
16,7.942439e+00,2.843908e+00
17,7.065043e+00,-5.936627e+00
18,2.660869e-01,2.116897e-01
19,7.729690e-01,4.500009e+00
20,3.148643e+00,1.732192e+00
21,2.599168e+00,1.504870e+00
22,4.998632e+00,-8.118997e+00
23,3.626937e+00,-1.467193e+00
24,8.461764e-02,-9.228576e-02
25,3.777361e+00,5.789011e+00
26,3.700493e+00,2.149460e+00
27,1.341955e+00,-4.977623e+00
28,2.002771e+00,-5.437279e+00
29,6.907449e-01,-1.529631e+00
30,8.743810e-01,5.998687e+00
31,1.368060e+00,-2.733943e+00
32,3.042580e+00,-3.136904e+00
33,3.494043e+00,-6.711603e-01
34,4.680052e+00,2.511493e+00
35,6.265158e+00,-3.181096e+00
36,3.108575e-01,-8.835916e-01
37,5.521066e+00,-2.269783e+00
38,3.057037e+00,-2.708140e+00
39,6.140973e-01,2.231364e+00
40,2.625822e+00,1.711866e+00
41,2.352153e+00,1.099847e+00
42,1.951939e+00,1.125487e+00
43,1.112057e-01,3.064296e-02
44,3.926563e-01,5.333636e-01
45,2.339888e-01,2.139140e-01
46,3.373639e-01,-7.316897e-01
0,0.000000e+00,0.000000e+00
1,2.016829e-01,5.011480e-01
2,2.016829e-01,5.011480e-01
3,5.062646e+00,-9.198847e-01
4,6.955138e-01,-1.175594e+00
5,5.170790e-01,-1.436917e-01
6,1.816033e-01,-4.850504e-01
7,8.275698e-01,5.578250e+00
8,8.278388e+00,5.593184e+00
9,1.332294e+00,1.674242e+00
10,1.832732e+00,-1.508203e+00
11,2.019874e+00,2.425757e+00
12,1.624980e-02,5.153794e-02
13,2.656533e-01,4.887054e-02
14,3.264625e+00,2.042600e+00
15,1.300068e+00,-7.967349e-01
16,1.039023e+00,2.188371e+00
17,8.028313e-01,5.372970e-01
18,2.354983e+00,-3.246047e+00
19,1.324043e+00,1.554997e+00
20,8.813141e-01,-1.049194e+00
21,5.063134e+00,8.722421e+00
22,9.816097e-01,-7.596998e-01
23,1.154814e+00,-1.666985e+00
24,3.312453e+00,2.011475e-01
25,7.719378e-01,-2.534719e-01
26,1.429124e+00,2.199817e-01
27,5.263764e-01,-1.844569e+00
28,4.353101e-01,-1.478306e-01
29,1.723966e+00,3.998442e+00
30,3.721772e-01,1.374822e+00
0,0.000000e+00,0.000000e+00
1,4.913901e-01,-6.888796e-02
2,4.913901e-01,-6.888796e-02
3,2.502825e+00,1.253203e+00
4,1.263351e+00,-2.513896e+00
5,4.002441e+00,-4.503529e+00
6,3.538371e-01,1.415566e+00
7,2.466826e+00,1.268012e+00
8,5.335969e+00,-1.197373e+00
9,3.380854e+00,-1.891704e+00
10,1.827526e+00,-1.117229e+00
11,1.967996e-01,8.213568e-01
12,2.764695e-02,-2.394311e-02
13,6.051589e-02,-2.935230e-01
14,1.607352e+00,5.560454e+00
15,2.937304e+00,1.721940e+00
16,2.318854e+00,-1.055159e+00
17,2.415997e+00,5.637270e+00
18,7.040080e-01,1.061649e+00
19,2.763596e+00,-4.520744e+00
20,1.117781e+00,-1.328285e+00
21,1.070359e+01,-3.498858e+00
22,1.271695e+00,-8.839819e-01
23,8.079286e-01,5.371126e+00
24,3.010779e+00,2.505031e+00
25,5.265762e-01,-1.464276e+00
26,7.812956e-02,-9.314587e-01
27,3.816785e-02,3.100260e-02
28,4.303314e+00,1.486987e+00
29,1.245462e+00,-7.647473e-01
30,8.961908e-02,-3.003248e-01
31,2.271556e+00,-4.384050e-01
32,2.745985e+00,2.255323e+00
33,2.253456e-01,5.014126e-01
34,2.392546e+00,4.195416e-01
35,3.528969e-01,-5.307040e-01
36,7.036159e-01,-6.297456e-01
0,0.000000e+00,0.000000e+00
1,1.151961e+00,1.150283e+00
2,1.151961e+00,1.150283e+00
3,1.341734e+00,2.457711e+00
4,2.191491e-01,-4.121694e-01
5,4.121750e+00,1.559063e+00
6,1.191331e+01,1.394758e+01
7,6.443866e-01,-1.024976e+00
8,1.008366e-01,1.580109e-01
9,3.651630e-02,3.530287e-02
10,3.151225e-01,1.156803e-01
11,8.470987e+00,-4.927062e+00
12,1.456356e-01,2.689829e-01
13,5.030090e+00,-5.069856e+00
14,6.718078e-01,-1.803089e-01
15,1.233969e+00,-2.013473e+00
16,2.721066e+00,-4.108551e+00
17,1.466223e+00,-1.190959e+00
18,2.991067e+00,-8.966548e-01
19,3.912709e-03,-2.109066e-03
20,1.158747e+00,4.705577e-01
21,7.279889e+00,7.332799e-01
22,7.881113e-01,1.359354e-01
23,7.668497e+00,-5.522431e+00
24,8.479262e-01,-5.594395e-01
25,1.195838e+00,-1.144037e+00
26,3.209793e+00,9.722633e-01
27,2.006849e+00,-1.289829e+00
28,1.294805e+00,-1.327575e+00
29,3.587010e+00,1.870622e+00
30,7.228046e-02,9.200823e-02
31,3.845689e+00,6.854534e+00
32,2.015566e+00,3.581317e+00
33,7.335049e-01,8.739669e-01
34,1.963802e-01,2.426234e-01
35,4.516711e-01,-2.116107e+00
36,7.091115e-01,6.980043e-01
37,4.554189e-01,2.396120e-01
38,5.766913e-01,1.352945e-01
39,2.834485e-01,1.139573e-01
40,1.507523e+00,-8.043423e-02
0,0.000000e+00,0.000000e+00
1,1.591364e+00,8.948945e-01
2,1.591364e+00,8.948945e-01
3,3.088754e-01,-2.817060e-01
4,1.269659e+00,-2.710710e-01
5,7.749611e-01,1.115481e+00
6,1.057291e+00,1.658027e+00
7,9.104933e+00,7.073537e+00
8,4.088431e-01,8.058558e-01
9,1.189590e+00,-8.828502e-01
10,2.120703e-01,-2.299392e+00
11,9.119819e-01,-9.568426e+00
12,6.305660e-01,1.624107e+00
13,9.695948e+00,-6.439741e+00
14,1.580405e+00,3.856051e+00
15,1.777522e+00,-2.111646e+00
16,1.997068e+00,-7.360669e-01
17,4.029859e-01,-7.147725e-01
18,2.049234e+00,-1.686993e+00
19,3.681330e+00,-2.622129e+00
20,1.475666e+00,4.326727e+00
21,2.458823e+00,-2.248396e+00
22,9.767340e-01,2.238577e+00
23,1.734703e-01,3.113569e-01
24,1.300925e+00,-1.919803e+00
25,5.460953e-01,-4.279421e-01
26,7.608196e-02,-9.740586e-02
27,2.149253e-01,-6.311141e-01
28,2.799097e+00,4.357022e+00
29,4.827916e-01,-1.053642e+00
0,0.000000e+00,0.000000e+00
1,1.888393e-01,-5.597978e-01
2,1.888393e-01,-5.597978e-01
3,5.872528e-01,-2.685790e+00
4,1.696203e+00,-6.764916e-01
5,6.980755e-01,-3.017306e-01
6,8.864394e+00,-3.335595e+00
7,2.190746e+00,1.127713e+00
8,5.468727e+00,-1.944205e+00
9,1.152906e+00,1.476586e+00
10,7.199246e-01,-1.059822e+00
11,1.450893e+00,-1.150051e+00
12,8.317460e-01,-8.384468e-01
13,7.876947e-01,-6.293723e+00
14,1.678014e-01,-2.505564e-01
15,8.309345e-01,-8.990190e-01
16,3.582135e+00,3.858700e+00
17,1.014959e+00,1.925475e+00
18,1.527246e+00,-6.917631e-01
19,6.280400e+00,-6.746117e+00
20,5.284985e+00,2.219414e+00
21,2.192688e+00,-2.711905e+00
22,1.580806e+00,-2.816816e-01
23,1.541859e-01,-1.247965e-01
24,1.367419e-02,-7.093944e-03
25,1.534169e-01,-2.531306e-01
26,1.556533e+00,-2.918335e+00
27,2.704790e-01,-4.063984e-01
28,2.149340e+00,3.041267e+00
29,3.970272e+00,1.885160e+00
30,9.699160e+00,1.209427e+01
31,1.729016e+00,1.073969e+00
32,8.481702e-01,-8.786124e-02
33,7.095854e-01,1.407757e+00
34,3.144316e+00,3.229942e+00
35,2.040791e+00,-2.709978e+00
36,1.739692e+00,1.136754e+00
37,3.855574e-01,2.210330e-01
38,1.496110e+00,4.612383e+00
39,1.416465e+00,1.386038e+00
40,5.621129e-01,-1.226044e+00
41,1.297437e+00,-4.451078e-01
0,0.000000e+00,0.000000e+00
1,1.050472e-01,2.773868e-01
2,1.050472e-01,2.773868e-01
3,8.661720e-01,-8.771432e-01
4,1.494922e+00,3.129923e+00
5,4.318137e-01,1.093249e+00
6,1.232275e+00,-1.029894e+00
7,1.736843e+00,1.835659e+00
8,2.157957e+00,-1.454500e+00
9,1.666611e-02,6.131955e-03
10,4.769321e-01,2.166365e+00
11,2.468587e+00,-2.398281e+00
12,2.515530e-01,5.688171e-02
13,4.580928e-01,3.752501e-01
14,2.675070e+00,-3.801937e+00
15,1.844710e+00,8.589419e-01
16,1.729337e+00,1.275092e+00
17,3.744227e-02,-6.915604e-03
18,9.042147e-02,-2.073387e+00
19,1.746060e+00,1.438656e+00
20,1.197743e+00,-6.369333e-01
21,1.166530e+00,-2.094443e+00
22,4.774224e+00,4.431164e-01
23,1.488867e+00,3.953335e+00
24,3.156905e+00,1.807730e+00
25,4.154582e+00,-2.070065e+00
26,1.441761e-01,1.515837e-01
27,1.739359e+00,-1.057728e+00
28,5.614908e-01,-1.307975e+00
29,5.636684e-01,-8.453093e-01
30,3.243117e+00,2.458212e+00
31,1.639224e+00,-5.100798e+00
32,2.917125e+00,-1.151304e+00
33,3.583530e-01,2.530002e-01
0,0.000000e+00,0.000000e+00
1,2.211273e-01,9.988976e-02
2,2.211273e-01,9.988976e-02
3,4.396218e-01,2.784057e-01
4,4.685773e-01,-2.099313e-01
5,6.891498e-01,3.435099e-01
6,2.239943e+00,7.024455e+00
7,8.338194e+00,-5.831638e+00
8,3.646554e-02,-6.539953e-02
9,4.177003e+00,9.893337e-01
10,1.281163e+00,-8.368658e-01
11,1.840057e+00,-1.195370e+00
12,3.697857e+00,-9.629976e-01
13,1.018691e-01,-2.487271e-02
14,9.552752e-01,-3.671407e+00
15,2.192098e-01,-9.459988e-02
16,4.047508e-01,6.397135e-01
17,1.957665e+00,4.863318e+00
18,7.107350e+00,1.119849e+01
19,5.374376e-02,-1.476326e-01
20,2.375483e-01,-4.485593e-01
21,3.524639e-01,7.383341e-01
22,3.007363e+00,-1.313040e+00
23,1.392193e+01,-8.875262e+00
24,2.775019e-01,6.012624e-02
25,1.546556e+00,-2.225841e+00
26,2.412320e-01,-6.903766e-01
27,1.302614e-01,7.933892e-01
28,1.332324e+00,1.790121e+00
29,2.933641e+00,-1.304022e+00
30,1.620689e+00,8.958871e-01
31,1.063957e+00,1.140153e+00
32,1.077819e+00,-1.085165e-01
33,1.487400e-01,-3.644006e-02
34,2.510183e+00,1.881741e+00
35,4.068008e-02,-2.913980e-02
36,1.405983e+00,-1.082912e+00
37,3.244165e+00,9.128490e-01
38,9.048236e-01,2.388531e+00
39,2.090236e+00,1.649475e+00
40,5.773395e-01,-7.919874e-01
41,2.712232e+00,4.158565e-01
42,7.629552e-02,9.716065e-02
43,1.973766e+00,4.242592e+00
44,1.196054e+00,1.160111e+00
45,2.811184e-01,4.977998e-02
46,1.976362e+00,-6.543895e-01
47,9.701490e-01,2.283978e-01
48,3.046426e-01,-5.662267e-01
49,8.765127e-01,-2.994804e-01
50,2.737914e+00,2.486425e+00
51,2.616519e+00,-4.016393e+00
52,9.787497e+00,4.396214e-01
53,1.463250e-01,2.876230e-01
54,2.438092e+00,-1.620519e+00
55,2.121443e+00,-2.362517e+00
56,2.970445e+00,-1.516180e+00
0,0.000000e+00,0.000000e+00
1,1.662083e+00,2.633406e+00
2,1.662083e+00,2.633406e+00
3,7.858195e-02,-1.348880e-01
4,9.108339e-01,2.087866e+00
5,1.381216e+00,9.214723e-01
6,3.804345e+00,-3.857783e-01
7,1.075190e+00,-5.043311e-01
8,2.429472e-01,-2.794863e-01
9,7.820717e-01,-1.638845e+00
10,2.892337e+00,2.859340e+00
11,2.023716e-01,-6.301412e-02
12,2.322163e-01,-2.700013e-01
13,1.049626e+00,-1.192220e+00
14,2.072521e+00,1.202755e+00
15,8.976573e-02,-1.620955e+00
16,2.895992e-01,-8.823719e-02
17,8.364371e+00,-8.711725e+00
18,9.711077e-01,-1.016760e+00
19,5.266713e+00,5.257452e+00
20,1.510928e-01,1.163111e-01
21,3.281164e+00,7.910960e-01
22,3.105251e-02,1.410402e-01
23,5.219355e-01,7.105621e-01
24,1.120416e+00,4.436702e-01
25,8.559095e+00,8.423174e+00
26,3.528667e-01,2.635198e-01
27,6.796205e-01,5.198433e-01
28,5.373930e+00,1.638254e+00
29,3.439691e+00,-2.180420e+00
30,3.358186e+00,-3.568915e+00
31,5.319139e+00,7.065295e-01
32,2.978590e+00,4.249983e+00
33,5.525167e-02,-6.930720e-02
0,0.000000e+00,0.000000e+00
1,6.156092e-01,-1.088583e+00
2,6.156092e-01,-1.088583e+00
3,2.499713e+00,1.219202e+00
4,3.231133e-01,4.325249e-01
5,5.994203e+00,4.531792e+00
6,1.701186e+00,8.587159e-02
7,1.571660e+00,-3.211884e+00
8,3.290897e-01,9.890141e-02
9,1.946177e-01,9.341046e-01
10,6.884467e-01,-4.960662e+00
11,7.824428e-01,2.703311e-01
12,3.888326e-01,3.634759e-01
13,1.149504e+00,1.264083e+00
14,3.234729e+00,-2.749684e+00
15,8.766725e-01,9.693289e-01
16,2.311945e+00,1.867922e+00
17,7.071048e-01,-1.005743e+00
18,2.242336e+00,1.425782e+00
19,2.480312e+00,-4.025195e+00
20,1.122806e+00,-2.515823e+00
21,1.534767e+00,6.210629e-01
22,4.011178e+00,4.599878e+00
23,8.896576e-01,5.757169e-01
24,3.551264e+00,-3.568841e+00
25,1.145811e-01,1.550698e-01
26,2.535314e+00,-2.768879e+00
27,4.459053e-01,-6.407300e-02
28,2.830493e+00,-1.377811e+00
29,6.184344e-02,5.094829e-02
30,1.805157e+00,-8.985576e-01
31,3.123706e-01,-2.072160e+00
32,7.426833e-01,2.638638e-01
33,2.856421e-01,2.051272e-01
34,5.276525e+00,-1.943788e+00
35,7.626935e-01,7.554530e-01
36,1.895339e+00,-6.099392e-01
37,1.155261e+00,-9.350896e-01
38,1.033468e+00,-1.240912e+00
39,1.467777e+00,-1.204493e+00
40,3.535212e-01,-3.530460e-01
41,3.179798e+00,1.461092e+00
42,2.062148e-01,-2.055557e+00
43,1.100259e+00,-1.077400e+00
44,4.934624e+00,-6.824119e+00
45,9.922054e-01,3.355553e-01
46,1.783929e+00,-6.364729e-01
47,1.937577e+00,-1.628480e-01
48,4.803305e+00,-4.882341e-01
49,3.283922e+00,-1.998965e+00
50,5.494773e-01,2.308105e+00
51,9.437092e-03,-6.762835e-03
52,4.190576e+00,-1.464451e+00
53,4.497495e-01,6.165296e-01
54,1.783611e+00,-1.550140e+00
0,0.000000e+00,0.000000e+00
1,2.465372e+00,1.574003e+00
2,2.465372e+00,1.574003e+00
3,7.382759e+00,-3.087394e+00
4,2.013976e-01,-5.742116e-01
5,2.085252e-01,3.717842e-01
6,4.191422e+00,3.748760e+00
7,4.536993e+00,8.385837e-01
8,2.607025e-01,2.944799e-01
9,9.009061e-01,-3.969506e+00
10,2.386873e-02,5.293391e-02
11,1.798547e+00,-1.852072e+00
12,1.523519e+00,-2.062276e+00
13,1.465034e+00,-3.316315e+00
14,3.029676e+00,-1.790119e+00
15,1.307111e+00,-3.383166e-01
16,6.275966e-03,-1.487181e-01
17,4.344263e+00,-3.020648e+00
18,3.346519e-01,-2.456274e-01
19,1.692490e+00,-2.555553e+00
20,1.390757e+00,1.769555e+00
21,2.427800e-01,3.058616e-01
22,1.850593e-01,-3.722264e-01
23,5.076131e+00,-2.113385e+00
24,2.331054e+00,-4.977809e+00
0,0.000000e+00,0.000000e+00
1,1.031731e+00,9.141647e-01
2,1.031731e+00,9.141647e-01
3,1.517991e-01,-1.367036e-01
4,1.356665e-01,3.383697e-01
5,1.167066e+00,1.006041e+00
6,2.674392e+00,3.147881e+00
7,1.137036e+01,-2.153123e+00
8,6.491075e-01,3.826750e+00
9,1.146670e-01,-1.157649e-01
10,1.745746e-01,1.649129e-01
11,6.568543e+00,3.420832e+00
12,1.842464e-01,1.797145e-01
13,1.160258e+00,-2.408030e+00
14,3.928181e+00,1.863563e+00
15,6.938826e+00,-2.373543e+00
16,9.099326e-01,-2.529996e+00
17,3.753330e-02,-3.827998e-02
18,2.724749e-02,4.944717e-02
19,2.698357e+00,-4.062443e+00
20,1.143539e-01,-4.728798e-02
21,3.136671e-01,-4.250905e-01
22,9.450798e-02,-2.018545e-01
23,1.002430e+00,-1.401719e+00
24,9.037473e+00,9.064367e+00
25,7.529739e-01,2.536099e-02
26,3.850351e-01,1.734677e-01
27,3.998412e-01,-5.386181e-01
28,9.512639e-01,1.992102e+00
29,8.801171e-01,-1.453036e+00
30,8.346022e-01,-2.398443e-01
31,3.566588e+00,-4.631698e+00
32,2.517276e-01,-5.267206e-01
0,0.000000e+00,0.000000e+00
1,4.658748e+00,3.284763e+00
2,4.658748e+00,3.284763e+00
3,6.443490e-01,7.414992e-01
4,2.980965e+00,-1.540061e+00
5,4.725523e+00,-7.306579e+00
6,1.118565e-01,1.051640e-01
7,1.013701e+00,8.419179e-01
8,1.702657e+00,-7.068703e+00
9,1.854739e+00,-8.105475e-01
10,2.929381e-01,1.981066e-01
11,1.990300e+00,1.116156e+00
12,9.919708e-02,1.031069e+00
13,1.983612e+00,3.223145e-01
14,9.586784e-01,-5.792880e-01
15,4.483087e+00,-2.404408e+00
16,8.033473e-02,-1.518372e-01
17,1.588361e+00,-8.416453e-01
18,2.660954e+00,-1.025535e+00
19,7.852506e-01,1.049725e+00
20,7.504581e+00,-1.581923e+00
21,1.640944e-02,2.642536e-02
22,6.883278e-01,6.749910e-01
23,2.188658e-02,1.128855e-02
24,1.050977e+00,8.620469e-01
25,1.013737e+00,-9.770864e-01
26,5.713958e+00,4.958810e+00
27,8.761658e-01,1.030355e+00
28,5.264188e+00,4.081576e+00
29,1.417556e+00,-4.781672e-01
30,1.854253e+00,-1.099455e+00
31,3.138145e+00,-5.060267e+00
32,5.298737e-01,3.612790e-01
33,2.304868e+00,-4.122554e+00
34,6.151740e+00,-5.809325e+00
35,1.480438e+00,7.108695e-01
36,4.290278e-01,6.623211e+00
37,2.245803e-01,2.869495e-01
38,3.069146e+00,-3.053806e+00
39,1.778932e+00,-8.461273e-01
40,8.073871e-02,-4.123901e-02
41,2.173293e-01,-2.197341e+00
42,3.379747e+00,1.126727e+00
0,0.000000e+00,0.000000e+00
1,2.720678e+00,-2.776718e+00
2,2.720678e+00,-2.776718e+00
3,4.637593e+00,2.111516e+00
4,3.367994e+00,-2.777562e+00
5,2.116084e+00,-1.444580e+00
6,3.783165e-01,-1.621396e-01
7,4.767762e-02,5.301715e-02
8,1.305507e+00,-1.007720e+00
9,1.321064e+00,-4.487754e-01
10,2.305088e+00,1.251323e+00
11,6.705989e-01,4.852608e-01
12,1.594062e-01,1.943758e-01
13,9.925493e-02,-1.838439e-01
14,1.459404e+00,2.764071e+00
15,8.478303e-02,-9.999778e-02
16,6.064273e+00,7.338163e-01
17,9.478883e-01,8.056157e-01
18,1.064182e+00,-3.641972e+00
19,4.873913e-01,-2.632665e-01
20,2.298312e+00,2.458411e+00
21,4.303788e+00,-3.286125e+00
22,1.328271e+00,-2.538600e+00
23,2.759657e-01,-5.416501e-01
24,2.476152e-01,2.324873e-01
25,1.947361e+00,1.835936e+00
26,1.777270e+00,1.052088e+00
27,8.117903e-01,-3.994848e-01
28,6.831754e+00,-9.296756e+00
29,2.929375e-01,-1.039535e-01
30,5.464757e+00,-3.634219e+00
31,1.838630e-01,1.657984e-01
32,2.405340e-01,2.065386e-01
33,5.787307e-01,-5.706066e-01
34,1.728638e+00,-5.905900e+00
35,2.366518e+00,2.985973e+00
36,6.290110e-01,-7.632753e-01
37,2.029897e+00,8.694800e-01
38,1.615246e+00,5.449238e-01
39,2.740986e-01,-2.498715e-01
40,5.333438e-01,3.543890e-01
41,1.117631e+00,1.404838e+00
42,1.371850e+00,8.592516e-02
43,1.642312e-01,1.169123e-01
44,1.432463e+00,1.110219e+00
45,5.992592e-01,7.525286e-01
46,1.535020e+00,-5.441981e-01
47,3.113283e+00,-5.020630e-01
48,1.374333e+00,-9.748268e-02
49,3.083504e+00,-1.909128e+00
50,4.420058e-01,4.178429e-01
51,9.615369e-01,6.213696e-01
52,3.987077e-01,-1.631282e+00
53,5.410783e-01,-6.954970e-01
54,3.729683e-01,-6.397452e-01
55,3.185552e+00,-1.922234e+00
0,0.000000e+00,0.000000e+00
1,4.857846e-01,-9.946894e-02
2,4.857846e-01,-9.946894e-02
3,3.519148e+00,-2.983340e+00
4,8.257314e-01,-3.183081e+00
5,4.623613e+00,3.365018e-01
6,3.527377e-01,1.935243e+00
7,1.525824e-01,9.344454e-01
8,3.575920e+00,7.599524e+00
9,2.234100e-02,8.176508e-02
10,3.386463e-01,2.976646e-01
11,1.352327e+00,-1.510090e+00
12,3.960961e-01,6.893972e-01
13,1.388645e-01,4.025937e-01
14,2.016141e+00,-1.720700e+00
15,1.489221e+00,-1.876731e+00
16,5.855551e+00,-2.690340e+00
17,2.976978e+00,-4.647300e+00
18,1.235971e+00,2.576252e+00
19,6.234877e-01,1.396222e+00
20,4.854032e+00,-2.783144e+00
21,3.888512e-01,-3.278508e-01
22,5.433743e-01,-2.677204e-01
23,7.977612e-01,-7.970875e-01
24,4.403905e-01,1.761976e-01
25,1.501829e-02,7.067560e-03
26,8.038693e-01,-1.360951e+00
27,3.458845e+00,-7.309023e-01
28,1.125544e+00,-3.197849e+00
29,5.426143e-03,-1.086665e-02
30,1.537538e+00,3.078210e+00
31,2.307722e-01,3.703940e-01
32,6.437823e-02,1.186459e-01
33,1.890329e+00,2.348305e+00
34,5.000630e-01,7.429020e-01
35,1.687928e+00,-1.799332e+00
36,1.739738e+00,2.074945e+00
0,0.000000e+00,0.000000e+00
1,3.738053e+00,1.799199e+00
2,3.738053e+00,1.799199e+00
3,1.930305e-01,-9.482448e-01
4,2.926916e+00,-3.094763e+00
5,1.313323e+00,4.139942e+00
6,7.187942e-01,8.638725e-01
7,3.535841e+00,-4.986083e+00
8,2.389273e-01,-7.137713e-01
9,4.240072e+00,-7.833605e-01
10,7.322317e-01,-1.059788e+00
11,1.434410e+00,-2.857511e+00
12,2.401365e+00,2.053397e+00
13,1.742219e-01,1.241964e-01
14,6.879173e-01,2.411336e-01
15,2.053580e+00,1.943512e+00
16,1.200266e+00,-1.235061e+00
17,2.447112e+00,2.916889e+00
18,2.013934e-01,7.734647e-02
19,3.569061e+00,-5.268690e+00
20,1.098602e+00,-3.724388e+00
21,2.359702e+00,-1.437805e+00
22,6.580726e-01,-4.191016e-01
23,3.022903e+00,-4.138277e+00
24,4.281592e-01,1.757695e+00
25,1.280520e+00,1.101263e+00
26,1.455348e+00,-2.253241e+00
27,9.517886e-02,-3.992664e-01
28,4.052673e-01,-4.394969e-01
29,1.196269e+00,-4.231797e+00
30,7.916114e-01,2.568370e-01
31,2.413704e+00,1.945744e+00
32,4.835558e-01,3.795731e-01
33,5.517577e-01,-1.933070e-01
34,2.714370e+00,-2.031450e+00
35,4.001998e+00,-4.663778e+00
36,9.643888e-01,1.293108e+00
37,6.488277e-01,7.985546e-01
38,3.170829e-01,-2.957942e-01
0,0.000000e+00,0.000000e+00
1,8.718361e-01,-2.314125e-01
2,8.718361e-01,-2.314125e-01
3,2.978020e+00,-2.507723e+00
4,5.294492e-01,1.919407e-01
5,2.853448e-01,-3.251806e-01
6,5.231707e-03,-1.389687e-02
7,6.810149e-01,-1.431433e+00
8,6.798307e-02,-8.401759e-02
9,1.074924e+00,1.110687e+00
10,2.652988e+00,-4.527934e+00
11,1.627774e+00,-7.414158e+00
12,1.333498e+00,2.612240e+00
13,6.764666e+00,-3.334870e+00
14,3.569787e+00,-2.837885e+00
15,9.324987e-01,2.128783e+00
16,1.140700e+00,-2.669795e+00
17,3.707093e-01,1.163304e+00
18,2.307698e+00,1.879653e+00
19,1.344495e+00,-1.853981e+00
20,8.308657e-01,7.889266e-01
0,0.000000e+00,0.000000e+00
1,1.377386e+00,2.818538e+00
2,1.377386e+00,2.818538e+00
3,3.841952e+00,-7.430347e-01
4,6.473402e-01,-5.206150e-01
5,6.146086e-01,-5.968235e-01
6,2.783902e-01,-3.600515e-01
7,1.146790e+00,-3.953993e+00
8,6.591613e-01,9.018244e-01
9,8.890951e-01,-1.490412e+00
10,3.417475e+00,1.823882e+00
11,1.021167e+00,3.254007e+00
12,4.484437e+00,-5.476697e+00
13,4.436964e+00,4.333787e+00
14,7.543447e-01,1.143371e+00
15,9.152458e-01,2.434495e-01
16,8.627908e+00,-5.517019e+00
17,8.328360e-02,1.349934e-01
18,7.777675e-01,-1.184315e+00
19,4.479009e+00,4.553918e+00
20,2.906879e-01,-2.322633e-01
21,4.039893e-01,1.765011e-01
22,2.979900e+00,-1.660514e+00
23,1.509629e+00,-8.774344e-01
24,5.459665e-01,1.756704e-01
25,3.034376e-01,1.469708e-01
26,4.154758e+00,-5.023590e+00
27,4.202127e+00,-6.175918e+00
28,1.423569e+00,1.097466e+00
29,9.319932e-01,-7.861032e-01
30,1.671815e+00,5.068955e+00
31,3.149010e+00,1.565740e+00
32,1.207330e+00,-9.687956e-01
33,1.187332e+01,-9.910832e+00
34,7.299211e-01,-1.685979e+00
35,6.460986e-01,5.036183e-01
36,3.094736e+00,-4.908187e+00
37,1.889604e+00,1.863668e+00
38,5.878923e-01,6.370671e-01
39,3.392193e+00,-5.386804e+00
40,1.556616e-01,1.601390e-01
41,4.378249e-01,5.364388e-02
42,1.818097e+00,-6.964138e-01
43,6.220209e+00,-4.578936e+00
44,7.241044e+00,-7.713505e+00
45,7.139719e-01,-3.728336e-01
46,1.245831e+00,-2.005641e+00
47,7.972569e-01,4.179438e-01
48,6.434445e-01,9.034758e-01
49,1.442559e+00,1.164767e+00
50,5.163901e-02,-6.591392e-02
0,0.000000e+00,0.000000e+00
1,3.799053e+00,-2.113266e+00
2,3.799053e+00,-2.113266e+00
3,1.708062e-01,4.524398e-01
4,5.091952e-01,-3.228806e-01
5,1.464457e+00,-5.068754e+00
6,7.616802e+00,6.808822e+00
7,8.048197e-01,1.191535e+00
8,2.556614e+00,8.688084e-01
9,1.890456e-01,-2.615705e-01
10,2.955351e+00,-2.365815e+00
11,3.049513e+00,-6.855708e-01
12,2.253628e+00,-1.953843e+00
13,5.211366e-01,2.538545e+00
14,1.077294e+00,-1.967580e+00
15,3.778326e+00,-1.507206e+00
16,1.625428e+00,2.472081e+00
17,2.353773e-01,-2.351522e-01
18,5.227399e+00,-1.719323e+00
19,3.810856e-01,-3.185474e-01
20,1.990526e+00,-1.749896e+00
21,1.089727e+01,6.176015e+00
22,1.431767e-01,-2.580321e-01
23,1.131594e+01,-7.590565e+00
24,1.420059e+00,-4.567481e-01
25,5.980743e-01,-7.571543e-01
26,4.624494e-01,2.703577e+00
27,9.460212e-01,-2.923460e+00
28,8.390669e-01,4.405613e+00
29,3.346278e-01,-1.224876e-01
30,3.535484e+00,6.410926e+00
31,2.941934e+00,-1.554641e+00
32,1.808316e+00,2.758580e+00
33,9.488180e+00,-2.416531e+00
34,1.950137e-01,-3.303984e-02
35,4.137390e+00,-2.245369e+00
36,4.879202e+00,-1.171786e+00
37,2.230910e+00,-2.450250e+00
38,1.512535e+00,-1.014626e+00
39,1.049965e+00,1.906843e+00
40,1.073869e-02,3.782678e-02
41,4.828262e+00,-1.904727e+00
42,1.207397e-01,-1.837410e-01
43,5.667324e+00,-1.589336e+00
44,1.689756e-01,-1.325241e-01
45,2.111718e+00,-8.530253e-01
46,9.673458e-02,4.770249e-02
47,9.163866e+00,-3.190077e+00
48,6.697992e-01,-7.647953e-01
49,9.247683e-01,1.400065e-01
50,1.256184e+00,1.189745e+00
51,8.028702e-01,5.619348e-01
52,2.070748e+00,1.305059e+00
53,1.510364e+00,1.057356e+00
54,9.614507e-01,-9.812510e-01
55,2.324716e+00,3.345485e+00
56,5.034564e+00,1.937190e+00
57,2.610736e+00,4.087665e+00
58,3.323413e+00,5.961857e+00
59,1.365437e+00,8.602996e-01
60,7.913790e-01,6.135831e-01
61,4.480301e-01,-3.052174e-01
62,1.390041e+00,-2.243706e+00
0,0.000000e+00,0.000000e+00
1,1.784324e+00,-2.089153e+00
2,1.784324e+00,-2.089153e+00
3,1.569280e+00,-3.007917e+00
4,5.164195e-01,4.139042e-01
5,2.074663e+00,-4.140073e-01
6,1.046109e+01,4.405272e+00
7,5.432803e-01,1.829832e-01
8,4.995098e+00,-1.333287e+00
9,1.404939e+00,2.613338e+00
10,2.395850e-01,9.181901e-02
11,2.105016e+00,-5.947493e-01
12,4.971943e+00,-1.822179e+00
13,1.134278e+00,6.036375e+00
14,2.179139e+00,-1.426573e+00
15,6.026286e+00,-1.361262e+00
16,6.645433e-01,-8.275626e-02
17,4.111316e+00,-1.146302e+01
18,6.332143e-01,8.141116e-01
19,1.759448e-01,-3.155283e-01
20,4.922182e-02,-2.283504e-01
21,2.138294e+00,-5.037075e+00
22,5.189062e+00,1.720371e+00
23,7.593218e+00,-1.744782e+00
24,2.386914e+00,2.120434e+00
25,1.390034e+00,-2.425732e+00
26,4.277837e-01,-1.174409e+00
27,2.155909e+00,1.822271e+00
28,1.154292e+00,-1.591329e+00
29,2.727509e+00,1.517470e+00
30,1.182160e+00,-1.194467e+00
31,4.542152e-01,2.510874e+00
32,7.774744e+00,4.933214e+00
33,2.098147e+00,-2.010842e+00
34,6.219746e-01,-4.535074e-01
35,1.458819e+00,-2.359645e+00
36,2.962757e+00,9.822015e-01
37,1.841634e+00,3.293324e+00
38,5.326024e-01,8.761164e-01
39,1.522230e+00,-4.551261e+00
40,7.411343e-01,-2.518043e+00
41,1.046603e+00,3.600466e+00
42,4.203376e-01,-1.628884e-01
43,2.180017e+00,-1.434465e+00
0,0.000000e+00,0.000000e+00
1,1.270926e+00,-1.053672e+00
2,1.270926e+00,-1.053672e+00
3,2.392611e-01,-2.164918e-01
4,9.429490e+00,4.442692e+00
5,6.746313e-01,1.770579e+00
6,1.401464e-01,8.443291e-01
7,2.148963e+00,-1.241815e+00
8,2.460377e-01,-4.072220e-01
9,1.371398e+00,-6.447580e-01
10,2.225485e+00,-1.922550e-01
11,1.459050e+00,-5.818804e+00
12,5.021336e+00,-2.952845e+00
13,2.368022e+00,1.841288e+00
14,1.353985e+00,-9.159891e-01
15,8.451648e-01,1.644235e+00
16,5.090471e-01,-5.968366e-01
17,2.118545e+00,-1.665524e+00
18,5.959980e-01,9.775169e-01
19,2.721826e+00,9.460720e-01
20,6.908737e-01,-5.204106e-01
21,2.930520e+00,-5.787916e-01
22,3.237230e+00,2.820410e+00
23,2.671752e-01,1.808958e-01
24,1.125290e+00,3.415410e+00
25,1.460120e-01,9.788644e-01
26,1.009434e+00,-1.007813e+00
27,3.828994e+00,6.111547e+00
28,5.151458e+00,1.813935e+00
29,5.833153e+00,-7.249400e+00
30,2.487519e+00,-7.707971e-01
0,0.000000e+00,0.000000e+00
1,3.354781e-02,-1.436373e-01
2,3.354781e-02,-1.436373e-01
3,9.453819e-01,-4.345010e-01
4,2.666667e+00,-1.274653e+00
5,1.985322e+00,-3.345269e-01
6,3.592248e+00,-2.418775e+00
7,1.717826e+00,-6.129883e-01
8,1.982817e+00,1.621768e+00
9,1.384351e-01,9.129852e-03
10,5.822411e-01,6.580184e-01
11,9.929995e-01,-8.837545e-01
12,1.833196e+00,1.518838e+00
13,1.010409e+00,7.187196e-01
14,4.811207e+00,1.244236e+00
15,1.459422e+00,6.604775e-01
16,1.152180e-01,3.180749e-01
17,3.201007e+00,3.975573e+00
18,1.416592e+00,5.793452e-01
19,1.876881e+00,-6.059458e-01
20,1.737399e+00,8.024718e-01
21,5.861860e-01,-7.914190e-01
22,2.525543e+00,7.381154e+00
23,6.257837e+00,3.149583e+00
24,7.955170e-01,3.137937e-01
25,3.516017e+00,1.329079e+00
26,8.089277e-01,9.100436e-01
27,3.007589e+00,-1.236504e+00
28,2.333491e-01,1.395681e-01
29,9.744387e-02,4.515794e-01
30,4.267037e+00,5.974944e-01
31,4.075854e+00,-1.278549e+00
32,3.212819e+00,1.437122e+00
33,1.144701e+00,3.758541e-01
34,2.968019e-01,-4.388590e-01
35,6.090208e-01,-5.857180e-01
36,1.287138e+00,1.434263e+00
37,2.458704e-03,-1.545264e-02
38,2.020739e-01,-3.724499e-01
39,6.359689e-03,-1.394984e-02
40,1.292190e-01,-2.627735e-01
41,3.798951e-01,1.347795e+00
42,7.379163e-01,-4.375397e-01
43,2.861285e-01,-2.012017e-01
44,1.099240e+00,-1.286042e+00
45,3.752373e+00,3.119436e+00
46,4.301141e-01,-7.604871e-02
47,5.751728e+00,3.648423e+00
48,5.748191e+00,2.709211e+00
49,4.785184e-01,3.979742e+00
50,6.208002e-01,5.291198e-01
51,1.529989e+00,2.711437e+00
52,7.219513e+00,9.008537e+00
53,2.707226e-01,-5.171461e-01
0,0.000000e+00,0.000000e+00
1,8.003780e-01,8.437106e-01
2,8.003780e-01,8.437106e-01
3,3.832261e+00,4.453912e+00
4,1.355401e+00,1.067218e+00
5,1.009316e+00,-2.782787e+00
6,2.386588e-02,9.183505e-02
7,6.324848e-02,6.730368e-02
8,2.229174e+00,-1.045097e+00
9,6.595463e-01,3.715528e-01
10,5.230550e-01,-2.910212e-01
11,2.654538e+00,2.709050e-01
12,5.628688e-02,4.097720e-01
13,4.238284e-01,-8.168604e-01
14,8.405288e-01,2.349389e+00
15,2.775160e+00,-1.234526e+00
16,3.908744e+00,4.244696e-01
17,2.039686e+00,-1.055517e+00
18,7.030745e-02,-2.244714e-01
19,1.277467e+00,-1.375518e+00
20,1.200480e+00,-1.770606e+00
21,1.929719e+00,-1.924705e+00
22,6.377515e-02,1.227824e-01
23,2.478955e+00,-1.754608e+00
24,6.751760e-02,1.148634e-01
25,1.076735e+00,-1.399874e+00
26,1.373517e+00,-3.781594e-01
27,6.565761e-01,-1.615051e+00
28,1.808270e+00,-3.048302e-01
29,2.817427e-01,1.005907e-01
30,2.238651e+00,7.601712e-01
31,3.889286e-01,1.185885e+00
32,4.236423e-01,2.232800e-01
33,3.099885e-01,-7.640272e+00
0,0.000000e+00,0.000000e+00
1,1.483794e+00,2.985752e+00
2,1.483794e+00,2.985752e+00
3,3.346697e+00,-9.927926e-01
4,6.158837e-01,-1.864935e-01
5,2.873585e+00,1.338498e+00
6,2.854013e-03,3.628711e-03
7,3.317299e-02,1.414179e-01
8,6.400027e-01,1.196159e+00
9,8.847850e-01,-1.499486e+00
10,3.247597e+00,1.622628e+00
11,5.390641e+00,1.349813e+00
12,4.404650e-01,5.443790e-01
13,1.064961e+00,-2.189459e+00
14,1.850157e-02,-1.828285e-01
15,5.192598e-01,1.219429e-01
16,3.016554e+00,-2.940194e+00
17,3.069555e-01,4.065563e-01
18,8.341516e-01,-9.777180e-01
19,5.843040e-01,1.824925e+00
20,1.229645e+00,-1.736901e+00
21,2.362013e+00,1.789272e+00
22,5.899322e+00,-1.565997e+00
23,2.077885e+00,3.578118e+00
24,1.840144e+00,-2.695701e+00
25,1.088803e+00,-3.459093e-01
26,2.735805e-01,-6.900791e-01
27,2.425000e-01,-1.288714e+00
0,0.000000e+00,0.000000e+00
1,3.118476e+00,-2.810049e-01
2,3.118476e+00,-2.810049e-01
3,7.197790e+00,-1.547942e+01
4,1.788425e+00,6.435588e-01
5,5.408215e+00,1.021226e+01
6,2.194819e+00,9.561409e-01
7,7.285678e-01,-8.639657e-01
8,4.859245e-01,-1.849818e+00
9,5.122278e+00,-2.041730e+00
10,1.135345e+01,-5.496474e+00
11,2.953814e-01,-4.627826e-01
12,4.146239e-01,-1.114886e+00
13,2.301591e-01,3.541597e-01
14,5.443162e-01,-2.902585e-01
15,4.863898e+00,-2.519567e+00
16,2.245753e-01,3.636846e-01
17,3.628815e-01,-4.667008e-01
18,1.407654e+00,2.138301e+00
19,2.158068e-01,-4.795052e-02
20,2.750237e+00,2.974684e+00
21,5.993627e-01,-6.211603e-01
22,4.155308e+00,8.889384e+00
23,5.480220e-01,-1.760853e-01
24,1.570450e-01,1.399811e+00
25,9.329567e-02,-1.056403e+00
26,3.970920e+00,-1.799557e+00
27,1.268593e+00,-3.962402e-01
28,7.629450e-01,2.343695e+00
29,6.002630e-02,-5.967229e-01
30,1.712168e+00,1.326282e+00
31,4.910980e-01,-8.086275e-01
32,1.700518e-01,-4.222688e-01
33,3.359422e-01,4.573022e-01
34,6.850419e+00,-2.943252e-01
35,6.280407e-02,3.716277e-01
36,9.286484e-02,-2.922035e-01
37,1.186079e-01,1.349126e-01
38,2.846262e-01,-1.270309e-01
0,0.000000e+00,0.000000e+00
1,2.453292e-01,-1.004086e+00
2,2.453292e-01,-1.004086e+00
3,8.886861e-01,1.962120e+00
4,2.774822e+00,-1.234224e+00
5,4.680932e+00,-4.754357e+00
6,4.521202e+00,5.746163e+00
7,9.433265e-01,-2.346377e+00
8,1.009753e+00,8.813488e-02
9,5.074356e-01,-8.905284e-01
10,9.567410e-01,-1.490536e+00
11,5.158730e-02,-1.018014e-01
12,9.227183e-01,-2.526425e+00
13,1.295631e+00,-2.373728e+00
14,8.544562e-01,-1.343310e+00
15,4.030271e-01,6.936731e-01
16,5.596500e-01,-1.327468e+00
17,5.094136e+00,-4.100463e+00
18,2.613149e+00,2.531757e+00
19,5.171923e-01,-1.005655e+00
20,3.787329e-01,-1.256737e-01
21,5.393350e-01,-1.866774e-01
22,1.270011e+00,-1.930029e+00
23,2.731047e+00,-2.382583e+00
24,6.862207e-01,5.027889e-01
25,8.952882e-02,8.491135e-02
26,3.786523e-01,-1.052051e+00
27,3.909968e+00,-1.519178e+00
28,5.706039e+00,-9.191445e-01
29,2.290791e-01,1.162783e+00
30,1.827536e+00,-5.424304e-01
31,4.031031e+00,6.466403e+00
32,4.497860e-01,2.319912e+00
33,2.955593e-01,-7.559153e-01
34,3.468585e+00,-1.394183e+00
35,5.370066e+00,1.897025e+00
36,4.820148e+00,-2.339616e+00
